-- phpMyAdmin SQL Dump
-- version 4.8.5
-- https://www.phpmyadmin.net/
--
-- Host: 127.0.0.1
-- Generation Time: Oct 17, 2019 at 11:40 AM
-- Server version: 10.1.40-MariaDB
-- PHP Version: 7.3.5

SET SQL_MODE = "NO_AUTO_VALUE_ON_ZERO";
SET AUTOCOMMIT = 0;
START TRANSACTION;
SET time_zone = "+00:00";


/*!40101 SET @OLD_CHARACTER_SET_CLIENT=@@CHARACTER_SET_CLIENT */;
/*!40101 SET @OLD_CHARACTER_SET_RESULTS=@@CHARACTER_SET_RESULTS */;
/*!40101 SET @OLD_COLLATION_CONNECTION=@@COLLATION_CONNECTION */;
/*!40101 SET NAMES utf8mb4 */;

--
-- Database: `db_api2`
--

-- --------------------------------------------------------

--
-- Table structure for table `failed_jobs`
--

CREATE TABLE `failed_jobs` (
  `id` bigint(20) UNSIGNED NOT NULL,
  `connection` text COLLATE utf8mb4_unicode_ci NOT NULL,
  `queue` text COLLATE utf8mb4_unicode_ci NOT NULL,
  `payload` longtext COLLATE utf8mb4_unicode_ci NOT NULL,
  `exception` longtext COLLATE utf8mb4_unicode_ci NOT NULL,
  `failed_at` timestamp NOT NULL DEFAULT CURRENT_TIMESTAMP
) ENGINE=InnoDB DEFAULT CHARSET=utf8mb4 COLLATE=utf8mb4_unicode_ci;

-- --------------------------------------------------------

--
-- Table structure for table `migrations`
--

CREATE TABLE `migrations` (
  `id` int(10) UNSIGNED NOT NULL,
  `migration` varchar(255) COLLATE utf8mb4_unicode_ci NOT NULL,
  `batch` int(11) NOT NULL
) ENGINE=InnoDB DEFAULT CHARSET=utf8mb4 COLLATE=utf8mb4_unicode_ci;

--
-- Dumping data for table `migrations`
--

INSERT INTO `migrations` (`id`, `migration`, `batch`) VALUES
(1, '2014_10_12_000000_create_users_table', 1),
(2, '2014_10_12_100000_create_password_resets_table', 1),
(3, '2019_08_19_000000_create_failed_jobs_table', 1),
(4, '2019_10_17_063420_create_products_table', 1),
(5, '2019_10_17_063608_create_reviews_table', 1),
(6, '2016_06_01_000001_create_oauth_auth_codes_table', 2),
(7, '2016_06_01_000002_create_oauth_access_tokens_table', 2),
(8, '2016_06_01_000003_create_oauth_refresh_tokens_table', 2),
(9, '2016_06_01_000004_create_oauth_clients_table', 2),
(10, '2016_06_01_000005_create_oauth_personal_access_clients_table', 2);

-- --------------------------------------------------------

--
-- Table structure for table `oauth_access_tokens`
--

CREATE TABLE `oauth_access_tokens` (
  `id` varchar(100) COLLATE utf8mb4_unicode_ci NOT NULL,
  `user_id` bigint(20) DEFAULT NULL,
  `client_id` int(10) UNSIGNED NOT NULL,
  `name` varchar(255) COLLATE utf8mb4_unicode_ci DEFAULT NULL,
  `scopes` text COLLATE utf8mb4_unicode_ci,
  `revoked` tinyint(1) NOT NULL,
  `created_at` timestamp NULL DEFAULT NULL,
  `updated_at` timestamp NULL DEFAULT NULL,
  `expires_at` datetime DEFAULT NULL
) ENGINE=InnoDB DEFAULT CHARSET=utf8mb4 COLLATE=utf8mb4_unicode_ci;

-- --------------------------------------------------------

--
-- Table structure for table `oauth_auth_codes`
--

CREATE TABLE `oauth_auth_codes` (
  `id` varchar(100) COLLATE utf8mb4_unicode_ci NOT NULL,
  `user_id` bigint(20) NOT NULL,
  `client_id` int(10) UNSIGNED NOT NULL,
  `scopes` text COLLATE utf8mb4_unicode_ci,
  `revoked` tinyint(1) NOT NULL,
  `expires_at` datetime DEFAULT NULL
) ENGINE=InnoDB DEFAULT CHARSET=utf8mb4 COLLATE=utf8mb4_unicode_ci;

-- --------------------------------------------------------

--
-- Table structure for table `oauth_clients`
--

CREATE TABLE `oauth_clients` (
  `id` int(10) UNSIGNED NOT NULL,
  `user_id` bigint(20) DEFAULT NULL,
  `name` varchar(255) COLLATE utf8mb4_unicode_ci NOT NULL,
  `secret` varchar(100) COLLATE utf8mb4_unicode_ci NOT NULL,
  `redirect` text COLLATE utf8mb4_unicode_ci NOT NULL,
  `personal_access_client` tinyint(1) NOT NULL,
  `password_client` tinyint(1) NOT NULL,
  `revoked` tinyint(1) NOT NULL,
  `created_at` timestamp NULL DEFAULT NULL,
  `updated_at` timestamp NULL DEFAULT NULL
) ENGINE=InnoDB DEFAULT CHARSET=utf8mb4 COLLATE=utf8mb4_unicode_ci;

-- --------------------------------------------------------

--
-- Table structure for table `oauth_personal_access_clients`
--

CREATE TABLE `oauth_personal_access_clients` (
  `id` int(10) UNSIGNED NOT NULL,
  `client_id` int(10) UNSIGNED NOT NULL,
  `created_at` timestamp NULL DEFAULT NULL,
  `updated_at` timestamp NULL DEFAULT NULL
) ENGINE=InnoDB DEFAULT CHARSET=utf8mb4 COLLATE=utf8mb4_unicode_ci;

-- --------------------------------------------------------

--
-- Table structure for table `oauth_refresh_tokens`
--

CREATE TABLE `oauth_refresh_tokens` (
  `id` varchar(100) COLLATE utf8mb4_unicode_ci NOT NULL,
  `access_token_id` varchar(100) COLLATE utf8mb4_unicode_ci NOT NULL,
  `revoked` tinyint(1) NOT NULL,
  `expires_at` datetime DEFAULT NULL
) ENGINE=InnoDB DEFAULT CHARSET=utf8mb4 COLLATE=utf8mb4_unicode_ci;

-- --------------------------------------------------------

--
-- Table structure for table `password_resets`
--

CREATE TABLE `password_resets` (
  `email` varchar(191) COLLATE utf8mb4_unicode_ci NOT NULL,
  `token` varchar(255) COLLATE utf8mb4_unicode_ci NOT NULL,
  `created_at` timestamp NULL DEFAULT NULL
) ENGINE=InnoDB DEFAULT CHARSET=utf8mb4 COLLATE=utf8mb4_unicode_ci;

-- --------------------------------------------------------

--
-- Table structure for table `products`
--

CREATE TABLE `products` (
  `id` bigint(20) UNSIGNED NOT NULL,
  `name` varchar(255) COLLATE utf8mb4_unicode_ci NOT NULL,
  `detail` text COLLATE utf8mb4_unicode_ci NOT NULL,
  `price` int(11) NOT NULL,
  `stock` int(11) NOT NULL,
  `discount` int(11) NOT NULL,
  `user_id` int(10) UNSIGNED NOT NULL,
  `created_at` timestamp NULL DEFAULT NULL,
  `updated_at` timestamp NULL DEFAULT NULL
) ENGINE=InnoDB DEFAULT CHARSET=utf8mb4 COLLATE=utf8mb4_unicode_ci;

--
-- Dumping data for table `products`
--

INSERT INTO `products` (`id`, `name`, `detail`, `price`, `stock`, `discount`, `user_id`, `created_at`, `updated_at`) VALUES
(1, 'quos', 'Dolor et suscipit suscipit corrupti sunt. Doloremque reiciendis doloribus saepe fuga. Sequi et officiis consequuntur dolores cumque modi eum.', 252, 5, 13, 3, '2019-10-17 00:56:37', '2019-10-17 00:56:37'),
(2, 'ea', 'Ipsa culpa voluptatibus error libero enim laboriosam non. Nostrum aliquid nihil qui. Saepe aut dolores voluptate. Enim non excepturi beatae porro dolor sint voluptas.', 808, 0, 8, 1, '2019-10-17 00:56:37', '2019-10-17 00:56:37'),
(3, 'officia', 'Nobis eos dolorem occaecati id est praesentium. Qui ipsam perspiciatis cumque. Quia corporis et reiciendis neque odio quae ut dolor.', 395, 6, 8, 4, '2019-10-17 00:56:37', '2019-10-17 00:56:37'),
(4, 'ab', 'Repudiandae qui dolor qui consequatur dolore voluptatem ut ut. Et dolor sit est autem exercitationem sed vel. Dolorem voluptas at mollitia iste et voluptate rerum.', 751, 6, 6, 4, '2019-10-17 00:56:37', '2019-10-17 00:56:37'),
(5, 'aliquid', 'Consectetur ut laborum voluptatem est et voluptatem sit. Quia quis voluptatem aut. Dicta doloribus a et dolorem.', 689, 3, 16, 5, '2019-10-17 00:56:37', '2019-10-17 00:56:37'),
(6, 'voluptate', 'Nemo est iure eos consequatur maiores minima nihil beatae. Quidem reiciendis natus earum voluptatum eius ut. Quaerat veritatis alias nisi adipisci est. Laudantium necessitatibus similique omnis. Rem sint repellendus illo ea.', 407, 9, 30, 4, '2019-10-17 00:56:37', '2019-10-17 00:56:37'),
(7, 'et', 'Est quia ut est et totam. Optio qui rem velit expedita mollitia. Deserunt ipsam nemo vero porro.', 346, 0, 12, 2, '2019-10-17 00:56:37', '2019-10-17 00:56:37'),
(8, 'eos', 'Fugiat autem qui et eaque at sit. Necessitatibus dolorum placeat omnis sed. Deleniti inventore neque expedita iste. Explicabo id ut eveniet cumque et. Rerum ea in est rem.', 834, 9, 25, 1, '2019-10-17 00:56:37', '2019-10-17 00:56:37'),
(9, 'maiores', 'Vitae vitae maxime voluptatem asperiores minus repudiandae qui. Dolore doloremque minima rerum deserunt hic voluptates enim hic. Ipsum voluptates cupiditate nulla voluptas. Cumque expedita provident ab molestiae. Voluptate fugiat sed hic aliquid.', 812, 6, 10, 5, '2019-10-17 00:56:37', '2019-10-17 00:56:37'),
(10, 'ipsum', 'Laborum dolore esse illo facilis quasi. Eos dolorem et natus ea nihil ut. Est aut aut omnis amet aspernatur dolores non. Velit rerum et cumque illo odit et nostrum.', 471, 7, 15, 2, '2019-10-17 00:56:37', '2019-10-17 00:56:37'),
(11, 'odio', 'Consequuntur id non atque et. Iste atque dolorem iste suscipit dolorem eum itaque. Voluptatibus fugit qui magnam voluptate. Architecto ipsa enim ut.', 546, 8, 15, 2, '2019-10-17 00:56:37', '2019-10-17 00:56:37'),
(12, 'facilis', 'Maiores voluptas voluptatem fugit accusamus. Natus quo rem ad. Et non pariatur ut ex sit.', 683, 6, 12, 1, '2019-10-17 00:56:37', '2019-10-17 00:56:37'),
(13, 'magnam', 'Molestiae nemo magnam distinctio et id. Labore omnis fuga animi alias dolore qui ab. Et qui rem illum ipsum.', 415, 0, 25, 4, '2019-10-17 00:56:37', '2019-10-17 00:56:37'),
(14, 'eius', 'Autem quisquam optio eveniet doloribus. Molestiae vitae culpa est omnis possimus corporis modi voluptas. Beatae quidem cum et dolorum qui aperiam. Quia reiciendis autem facilis.', 937, 5, 13, 5, '2019-10-17 00:56:37', '2019-10-17 00:56:37'),
(15, 'modi', 'Officiis sunt ratione error est voluptas aut. Et quis rem sapiente asperiores quia quisquam. Qui dicta est blanditiis neque. Atque reiciendis ipsam perspiciatis exercitationem molestiae.', 440, 1, 25, 3, '2019-10-17 00:56:37', '2019-10-17 00:56:37'),
(16, 'debitis', 'Mollitia fugit qui enim ab illum fugiat omnis. Dolores sit cupiditate non nihil et modi dolor.', 233, 1, 8, 1, '2019-10-17 00:56:37', '2019-10-17 00:56:37'),
(17, 'aspernatur', 'Vel id nihil doloremque sed debitis debitis. Quo unde rem aut delectus consequatur facere molestiae sit. Suscipit officiis illo veniam et eaque aut sed.', 625, 2, 19, 1, '2019-10-17 00:56:37', '2019-10-17 00:56:37'),
(18, 'accusantium', 'Illo delectus quia iure vitae voluptate. Ullam optio et aut sit dolore soluta odit.', 952, 5, 18, 2, '2019-10-17 00:56:37', '2019-10-17 00:56:37'),
(19, 'dolores', 'Ullam velit recusandae temporibus quis. Dignissimos quidem quae asperiores nihil consequatur. Autem necessitatibus repellat delectus at eius. Omnis dicta ipsum voluptatem qui necessitatibus.', 540, 2, 30, 1, '2019-10-17 00:56:37', '2019-10-17 00:56:37'),
(20, 'et', 'Quas voluptates exercitationem eum debitis a aliquam qui. Neque esse quia officia et nobis. Ullam velit qui eligendi excepturi. Minima fugit est cumque et culpa et.', 597, 7, 4, 5, '2019-10-17 00:56:37', '2019-10-17 00:56:37'),
(21, 'tenetur', 'Ea ad ut odio. Accusantium asperiores asperiores esse. Fugit qui laborum et perspiciatis dolores.', 489, 3, 24, 2, '2019-10-17 00:56:37', '2019-10-17 00:56:37'),
(22, 'maiores', 'Voluptatem ullam ut quis est id. Ex eos nesciunt libero. Voluptatem eaque facilis ipsam dignissimos ut. Asperiores ipsum totam inventore qui.', 778, 1, 8, 4, '2019-10-17 00:56:37', '2019-10-17 00:56:37'),
(23, 'omnis', 'Cupiditate qui qui error. Maxime sed molestias pariatur magni voluptatum voluptatem sequi et. Rerum at eum quia id laborum dolor et.', 310, 8, 28, 2, '2019-10-17 00:56:37', '2019-10-17 00:56:37'),
(24, 'officiis', 'Quisquam eaque et ipsam et molestias cumque error quia. Necessitatibus ipsa quia quis nobis repudiandae perferendis. Consequatur minus eos officia id. Quam at labore sint soluta voluptatum.', 934, 8, 19, 3, '2019-10-17 00:56:37', '2019-10-17 00:56:37'),
(25, 'id', 'Consectetur voluptates quidem officiis fuga quia enim. Id officiis suscipit modi. Placeat illo qui autem numquam illum ullam.', 507, 3, 14, 1, '2019-10-17 00:56:38', '2019-10-17 00:56:38'),
(26, 'et', 'Ut veniam porro consequatur voluptatem rerum perferendis magnam. In ratione perspiciatis sed eveniet sit rerum. Animi quidem est sint. Maxime non aut repellendus molestiae iure.', 267, 9, 27, 5, '2019-10-17 00:56:38', '2019-10-17 00:56:38'),
(27, 'natus', 'Qui molestiae ut officia occaecati repellendus. Qui eum quos quae. Quasi dolorem voluptatem sed et. Enim culpa qui voluptatem.', 468, 4, 29, 5, '2019-10-17 00:56:38', '2019-10-17 00:56:38'),
(28, 'quis', 'Sint maiores voluptas debitis tempora ea in. Minus assumenda est nisi voluptas. Voluptatem possimus aut iure modi asperiores.', 477, 2, 4, 2, '2019-10-17 00:56:38', '2019-10-17 00:56:38'),
(29, 'ut', 'Omnis quae autem beatae quos est quod ab. Exercitationem impedit voluptates dolorum et est tempora. Voluptatem amet accusantium autem odio. Tenetur aliquid accusamus magnam repellendus delectus tempore ratione.', 946, 7, 15, 5, '2019-10-17 00:56:38', '2019-10-17 00:56:38'),
(30, 'perspiciatis', 'Non aperiam assumenda et autem enim. Dolorum vel reprehenderit adipisci numquam maiores.', 817, 9, 6, 4, '2019-10-17 00:56:38', '2019-10-17 00:56:38'),
(31, 'eaque', 'Assumenda necessitatibus voluptatibus praesentium unde eaque error. Mollitia voluptas et nisi ipsa tenetur. Necessitatibus voluptas eveniet rerum qui omnis est est porro.', 675, 7, 19, 2, '2019-10-17 00:56:38', '2019-10-17 00:56:38'),
(32, 'eius', 'Ut voluptates sint natus temporibus similique dolore. Et quos repellat est veniam et consequatur omnis veniam.', 340, 5, 28, 4, '2019-10-17 00:56:38', '2019-10-17 00:56:38'),
(33, 'porro', 'Suscipit cumque necessitatibus eum earum facere. Ut repellendus aut nobis sint dicta. Quam quasi a ducimus iusto.', 932, 5, 19, 5, '2019-10-17 00:56:38', '2019-10-17 00:56:38'),
(34, 'hic', 'Labore sint ut labore dolores at nulla. Quia autem est in delectus recusandae id hic. Illum reiciendis sunt repudiandae cum aut explicabo quia. Voluptas nesciunt natus quia rerum est officiis nostrum vero.', 757, 5, 15, 5, '2019-10-17 00:56:38', '2019-10-17 00:56:38'),
(35, 'facere', 'Autem quasi non quaerat recusandae quam eius. Autem culpa ullam sint error ea. Assumenda at eligendi voluptatem ut voluptates dolores facere voluptatem. Placeat id ab perferendis.', 203, 7, 15, 5, '2019-10-17 00:56:38', '2019-10-17 00:56:38'),
(36, 'rerum', 'Nisi porro sint consectetur non. Laudantium sit exercitationem autem sunt cumque. Quam explicabo vel qui quia rerum. Laudantium et expedita illum sint et et.', 153, 7, 6, 3, '2019-10-17 00:56:38', '2019-10-17 00:56:38'),
(37, 'a', 'Modi ipsam dolorum quod qui quos sapiente officia. Quas tempora dolores aliquid numquam impedit ut. Voluptatem facere voluptatem enim officiis. Saepe ipsum est officia voluptatum libero. Sequi voluptate illum ut consequuntur voluptatem.', 227, 8, 4, 4, '2019-10-17 00:56:38', '2019-10-17 00:56:38'),
(38, 'adipisci', 'Porro aliquam impedit accusantium error quae voluptatem. Possimus commodi sint quibusdam similique possimus modi. Exercitationem et amet ratione commodi. Consequatur qui sunt magnam adipisci.', 720, 4, 25, 5, '2019-10-17 00:56:38', '2019-10-17 00:56:38'),
(39, 'quia', 'Corporis sit ab omnis quia dicta corporis animi. Et sed qui non quibusdam ut.', 477, 3, 18, 5, '2019-10-17 00:56:38', '2019-10-17 00:56:38'),
(40, 'porro', 'Et dolores rerum dolor. Voluptatibus cupiditate qui quod maiores veritatis veritatis amet nisi. Modi libero numquam nulla asperiores dolor enim.', 987, 3, 30, 5, '2019-10-17 00:56:38', '2019-10-17 00:56:38'),
(41, 'fugiat', 'Nemo a est quas eum eveniet alias. Et rem magni possimus voluptatibus doloribus. Placeat ratione vero ipsum nihil.', 800, 6, 30, 5, '2019-10-17 00:56:38', '2019-10-17 00:56:38'),
(42, 'quos', 'Et est nemo nihil sunt voluptatum vel. Maxime fugit necessitatibus deleniti nihil rerum. Est repellat facere nulla velit non ipsa minima.', 286, 2, 22, 1, '2019-10-17 00:56:38', '2019-10-17 00:56:38'),
(43, 'velit', 'Quae non ipsa est corporis rerum non accusamus error. Non quaerat in aperiam occaecati porro.', 469, 1, 19, 4, '2019-10-17 00:56:38', '2019-10-17 00:56:38'),
(44, 'dolorem', 'Ut tenetur et a magni. Quas sit similique cum consequatur. Rerum ut qui labore quaerat asperiores.', 369, 8, 29, 3, '2019-10-17 00:56:38', '2019-10-17 00:56:38'),
(45, 'molestias', 'Est cupiditate soluta quisquam repellat dolorum eum occaecati. Minima id laboriosam nam asperiores iusto nihil amet. Delectus minima in dolorem ullam dolores dolore. Modi voluptas quis omnis quod. Sed alias veritatis quia molestias.', 654, 5, 4, 4, '2019-10-17 00:56:38', '2019-10-17 00:56:38'),
(46, 'at', 'Facere earum et placeat inventore suscipit iure in. Molestiae fuga tempora sint et et eius et. Dignissimos nemo cupiditate odio nisi doloribus. Nihil voluptatem ut amet nobis ut quia voluptatem.', 414, 5, 2, 5, '2019-10-17 00:56:38', '2019-10-17 00:56:38'),
(47, 'quis', 'Quidem excepturi enim ratione similique. Aliquam quis eos mollitia vel.', 305, 7, 18, 4, '2019-10-17 00:56:38', '2019-10-17 00:56:38'),
(48, 'omnis', 'Enim nam a est possimus totam. Qui atque sapiente animi. Quis sint ipsam enim quia. Repellendus voluptas nobis fugiat maiores nostrum.', 571, 4, 22, 1, '2019-10-17 00:56:38', '2019-10-17 00:56:38'),
(49, 'et', 'Fuga rerum ut iusto officia nihil. Debitis ex dolorem mollitia. Ea veniam est et et aut eum aut dolor.', 844, 2, 22, 4, '2019-10-17 00:56:38', '2019-10-17 00:56:38'),
(50, 'voluptas', 'Laudantium nam ut rem deleniti doloribus. Qui ut et omnis aperiam ipsam aut officiis. Illo est impedit eveniet et enim magnam. Debitis officiis vel incidunt quidem consectetur.', 704, 9, 15, 5, '2019-10-17 00:56:38', '2019-10-17 00:56:38');

-- --------------------------------------------------------

--
-- Table structure for table `reviews`
--

CREATE TABLE `reviews` (
  `id` bigint(20) UNSIGNED NOT NULL,
  `product_id` bigint(20) UNSIGNED NOT NULL,
  `customer` varchar(255) COLLATE utf8mb4_unicode_ci NOT NULL,
  `review` text COLLATE utf8mb4_unicode_ci NOT NULL,
  `star` int(11) NOT NULL,
  `created_at` timestamp NULL DEFAULT NULL,
  `updated_at` timestamp NULL DEFAULT NULL
) ENGINE=InnoDB DEFAULT CHARSET=utf8mb4 COLLATE=utf8mb4_unicode_ci;

--
-- Dumping data for table `reviews`
--

INSERT INTO `reviews` (`id`, `product_id`, `customer`, `review`, `star`, `created_at`, `updated_at`) VALUES
(1, 2, 'Prof. Lottie Hand', 'Rerum eaque laboriosam illo fuga et molestiae voluptas iusto. In reprehenderit id dolorem saepe accusantium quibusdam id rem. Voluptate officia quia excepturi assumenda consequatur beatae velit.', 5, '2019-10-17 00:56:39', '2019-10-17 00:56:39'),
(2, 2, 'Clemens Kuvalis', 'Quia sint sapiente quaerat aliquam dolor illo nisi. Omnis cumque possimus rem aut tempore sint est aut. Dolorem iusto sed aut minus quaerat. Aut et qui numquam dolores sed dolor.', 5, '2019-10-17 00:56:39', '2019-10-17 00:56:39'),
(3, 16, 'Miss Rubye Jenkins II', 'Eos laboriosam consequatur iure corrupti est reiciendis et. Eius ea aut ut. Placeat dolores suscipit at nulla ut alias repudiandae ducimus. Tenetur ut autem nam cum reprehenderit itaque necessitatibus.', 3, '2019-10-17 00:56:39', '2019-10-17 00:56:39'),
(4, 50, 'Cortez Trantow', 'Vero qui nisi explicabo necessitatibus sunt molestias. Eum veniam id voluptate. Quo non delectus asperiores aut rem harum. Illo voluptatem consequuntur earum consectetur voluptas aut exercitationem.', 2, '2019-10-17 00:56:39', '2019-10-17 00:56:39'),
(5, 25, 'Kyler Greenfelder', 'Possimus autem corrupti qui eveniet culpa. Ut assumenda nemo dolorum nesciunt quia aut. Velit impedit maiores quo suscipit maxime architecto voluptas. Cum ut consequuntur praesentium adipisci cumque.', 2, '2019-10-17 00:56:39', '2019-10-17 00:56:39'),
(6, 39, 'Eli Weissnat', 'Aut aliquam amet occaecati sed est omnis quidem. Libero qui aut voluptas. Debitis laudantium ut eaque nulla atque. Officiis doloremque esse rerum aut est alias.', 0, '2019-10-17 00:56:39', '2019-10-17 00:56:39'),
(7, 17, 'Ansel Davis', 'Nam unde dolor omnis enim a. Saepe quasi placeat est eaque vel. Non expedita voluptatem natus hic et.', 4, '2019-10-17 00:56:39', '2019-10-17 00:56:39'),
(8, 40, 'Samanta Legros Sr.', 'Temporibus in autem ut voluptatem saepe inventore dolores. Neque quam illum assumenda commodi hic. Optio asperiores blanditiis sint veritatis non. Incidunt eum molestiae fugiat optio qui.', 5, '2019-10-17 00:56:39', '2019-10-17 00:56:39'),
(9, 36, 'Mr. Rigoberto Kilback', 'Ullam animi incidunt voluptas fuga adipisci. Ut sint et provident officia quos voluptatem sapiente ea. Enim tempora laudantium fuga aperiam blanditiis doloribus itaque. Et earum et iste corrupti aspernatur necessitatibus.', 3, '2019-10-17 00:56:39', '2019-10-17 00:56:39'),
(10, 16, 'Anderson Lubowitz', 'Aspernatur sunt qui ea veritatis placeat doloremque. Occaecati voluptatibus ab exercitationem soluta. Assumenda eos ab repellat dolores sint omnis exercitationem. Dignissimos maiores placeat et itaque soluta delectus ducimus.', 5, '2019-10-17 00:56:39', '2019-10-17 00:56:39'),
(11, 18, 'Dr. Pierre Jakubowski', 'Dicta eum qui quis aliquid. Delectus delectus hic molestiae veniam sequi quibusdam id. Sit sunt sint velit occaecati distinctio laboriosam blanditiis esse. Voluptas cupiditate et placeat.', 4, '2019-10-17 00:56:39', '2019-10-17 00:56:39'),
(12, 24, 'Dr. Retha White', 'Facilis quam ut deserunt et maiores. Magnam dolorem dolor nobis vitae omnis autem. Consequatur voluptate ipsum voluptates hic odit dolores fugiat. Eius sit quisquam deserunt illum sapiente cum.', 3, '2019-10-17 00:56:39', '2019-10-17 00:56:39'),
(13, 5, 'Prof. Serena DuBuque', 'Quas ut et maiores vel suscipit doloremque. Esse delectus vero qui itaque aperiam. Quis nihil ducimus qui quis. Non delectus eligendi doloremque commodi.', 4, '2019-10-17 00:56:39', '2019-10-17 00:56:39'),
(14, 37, 'Miss Melisa Kohler DDS', 'Dolorem aut cum hic. Voluptates rerum error nihil qui. Modi voluptatem cum totam dolorum labore eum odit. Quidem nostrum odio quaerat consequatur officia unde.', 5, '2019-10-17 00:56:39', '2019-10-17 00:56:39'),
(15, 16, 'Vivienne Goyette', 'Optio ad totam sunt saepe aut ut voluptatum. Est suscipit odio quis in est perspiciatis adipisci. Dolore non laborum aut vel consectetur deserunt ut quaerat. Quia et dolor officiis aut nisi.', 5, '2019-10-17 00:56:39', '2019-10-17 00:56:39'),
(16, 30, 'Mr. Kayden Schmeler', 'Itaque sapiente consequatur quo pariatur nemo quisquam. Eum autem natus atque velit ut quia tempore saepe. Eius modi autem aut laborum necessitatibus est nostrum.', 2, '2019-10-17 00:56:39', '2019-10-17 00:56:39'),
(17, 11, 'Danika Kiehn', 'Laborum illo suscipit consequuntur labore maxime. Expedita tempore ad saepe aliquam. Ullam eos est itaque deserunt. Voluptate deleniti dolorum ex ipsum.', 2, '2019-10-17 00:56:39', '2019-10-17 00:56:39'),
(18, 50, 'Zion Bogan', 'Alias sunt doloribus impedit minima dolorem et. Delectus est voluptatem facilis quia facere tempora cumque eaque. Quibusdam mollitia iure assumenda qui dolorem.', 5, '2019-10-17 00:56:39', '2019-10-17 00:56:39'),
(19, 10, 'Mrs. Bettye Botsford', 'Rem est et tempora. Ut voluptatem ipsum et ratione et sequi. Laboriosam voluptatem omnis neque esse voluptate molestias quod.', 4, '2019-10-17 00:56:39', '2019-10-17 00:56:39'),
(20, 38, 'Horace Will', 'Non iste nemo aut culpa. Eligendi enim porro rerum eaque provident illo et. Voluptates est nisi ut eaque. Natus tempora iste consectetur aut sit.', 5, '2019-10-17 00:56:39', '2019-10-17 00:56:39'),
(21, 16, 'Thad Fadel', 'Sint doloribus cumque voluptas sit quos. Aperiam optio iste sed est consequatur quod tempora. Assumenda et perferendis quibusdam quae.', 5, '2019-10-17 00:56:39', '2019-10-17 00:56:39'),
(22, 27, 'Eleonore Rippin', 'Exercitationem minus et omnis autem dolores. Ut ex molestias modi laborum. Odio ea voluptatem dolore deleniti. Harum quis sed recusandae et a distinctio.', 3, '2019-10-17 00:56:39', '2019-10-17 00:56:39'),
(23, 15, 'Mr. Roel Herzog Jr.', 'Iste tempore quis aut. Odit et non eos voluptas. Eum consequatur omnis facilis error et et pariatur. Animi saepe reprehenderit quia aliquam qui.', 1, '2019-10-17 00:56:39', '2019-10-17 00:56:39'),
(24, 4, 'Dr. Frederic Gleason DVM', 'Corrupti nobis quia aut. Reiciendis maxime cum eaque et voluptas.', 4, '2019-10-17 00:56:39', '2019-10-17 00:56:39'),
(25, 35, 'Vernon Bogan V', 'Voluptas optio cupiditate illum unde quia cumque. In qui illum perferendis enim aspernatur possimus suscipit quaerat. Nostrum in beatae eius explicabo. Nihil mollitia id voluptas aut. Officiis sit est maxime sit dicta.', 1, '2019-10-17 00:56:39', '2019-10-17 00:56:39'),
(26, 18, 'Duane Heathcote', 'Nostrum repudiandae earum voluptatem vero ut maxime. Perferendis non sequi sit sed enim pariatur. Fugit quo enim voluptatem vel ea ab ducimus. Et qui ut accusamus non voluptatem ea molestias.', 0, '2019-10-17 00:56:39', '2019-10-17 00:56:39'),
(27, 33, 'Malinda Roberts', 'Excepturi officia veniam quaerat sit blanditiis laborum. Soluta sit repudiandae inventore doloremque quia.', 3, '2019-10-17 00:56:39', '2019-10-17 00:56:39'),
(28, 30, 'Yvonne Hayes', 'Nostrum dolor maxime reiciendis possimus eos. Qui est quis voluptatum ratione et necessitatibus. Earum officia voluptatibus mollitia. Et quia occaecati qui impedit quia.', 0, '2019-10-17 00:56:39', '2019-10-17 00:56:39'),
(29, 38, 'Lennie Jast', 'Tenetur voluptatibus nostrum quos fuga animi ipsam reprehenderit praesentium. Omnis tempore odit est assumenda ut.', 2, '2019-10-17 00:56:39', '2019-10-17 00:56:39'),
(30, 25, 'Ova Shanahan', 'Itaque sit fugit harum illo. Et et velit quia quas. Repudiandae occaecati omnis incidunt ullam veritatis laudantium. Nobis fugit praesentium consequatur culpa non in ut.', 1, '2019-10-17 00:56:39', '2019-10-17 00:56:39'),
(31, 16, 'Ressie Runolfsson', 'Deserunt sint ab alias quia ut. Harum reprehenderit fugit provident assumenda.', 0, '2019-10-17 00:56:39', '2019-10-17 00:56:39'),
(32, 14, 'Jazlyn Turcotte', 'Ut nihil non iste totam. Tempore sint ipsa ullam rerum ipsam accusantium. Et odit et rerum autem id similique illo. Sequi molestiae dolores ut iure sed dicta neque.', 5, '2019-10-17 00:56:39', '2019-10-17 00:56:39'),
(33, 17, 'Anastacio Sanford', 'Minus debitis eum quisquam. Porro totam id atque molestiae tempore. At temporibus earum eius est officiis quam minus. Est et sint quia quo. Quis omnis cumque at molestiae.', 4, '2019-10-17 00:56:39', '2019-10-17 00:56:39'),
(34, 20, 'Lupe Terry', 'Nam sed sit optio pariatur eum id. Explicabo adipisci nemo dolorum enim consequatur. Qui corrupti ad suscipit maxime deleniti ea porro. Quo exercitationem et omnis vitae eos.', 5, '2019-10-17 00:56:39', '2019-10-17 00:56:39'),
(35, 26, 'Reina Carter', 'Culpa doloremque dolorem iure rerum facere. Iusto rerum consequatur mollitia ex vitae similique saepe. Laborum similique voluptates quia eaque. Iste repellendus alias architecto quae fuga.', 2, '2019-10-17 00:56:39', '2019-10-17 00:56:39'),
(36, 40, 'Gage VonRueden', 'Accusantium architecto consequatur sed porro aut repellendus fuga. Et consequatur repellat quaerat laboriosam. Nesciunt rerum culpa error quis culpa nam.', 4, '2019-10-17 00:56:39', '2019-10-17 00:56:39'),
(37, 11, 'Eloisa Buckridge', 'Architecto est est sed et illo delectus. Accusamus ut expedita dicta hic quasi reprehenderit amet. Ad dolores nulla corporis delectus aut nesciunt eos.', 0, '2019-10-17 00:56:39', '2019-10-17 00:56:39'),
(38, 2, 'Ms. Nora Weber MD', 'Tenetur exercitationem temporibus sint enim. Qui odit facere delectus mollitia qui. Debitis dolor in perspiciatis rerum. Enim fuga fugit quis ducimus praesentium rerum.', 1, '2019-10-17 00:56:39', '2019-10-17 00:56:39'),
(39, 42, 'Dr. Finn Larkin III', 'Possimus culpa eum ea minus. Quaerat laboriosam hic aperiam sit repellendus et. Asperiores totam a vel animi exercitationem iure. Repudiandae omnis laboriosam aut.', 0, '2019-10-17 00:56:39', '2019-10-17 00:56:39'),
(40, 10, 'Jayne Turner', 'Repellat est voluptas quibusdam praesentium. Ut fugit aut ipsam eum. Culpa veniam ut perferendis nulla laborum ea.', 4, '2019-10-17 00:56:39', '2019-10-17 00:56:39'),
(41, 12, 'Cody Ullrich', 'Officia quae qui possimus eligendi quia ea. Enim sit et dolores. Labore aperiam voluptates a officiis magni. Minima quisquam numquam sed facere est.', 1, '2019-10-17 00:56:39', '2019-10-17 00:56:39'),
(42, 12, 'Dulce Ruecker', 'Labore labore et qui dicta commodi pariatur recusandae. Ipsa omnis commodi et molestias facilis consequatur. Repudiandae aut enim ex velit autem.', 5, '2019-10-17 00:56:39', '2019-10-17 00:56:39'),
(43, 2, 'Jayce Corkery', 'Neque dignissimos vel quasi eum qui placeat unde cum. Veritatis ut molestiae autem eum at. Fugit qui ea eaque accusantium et quia. Reiciendis animi illum deleniti qui ea dolor dolore.', 4, '2019-10-17 00:56:39', '2019-10-17 00:56:39'),
(44, 28, 'Chandler Mohr', 'Id nisi atque itaque temporibus. Qui quidem quis quas consequatur. Tempora magni asperiores sit labore. Nemo et et qui voluptatem dolorem assumenda quos.', 2, '2019-10-17 00:56:39', '2019-10-17 00:56:39'),
(45, 7, 'Ms. Aletha O\'Hara', 'Velit voluptatem corporis tenetur nostrum. Adipisci qui earum ex aut porro doloremque. Quia occaecati debitis nisi minima amet. Quis occaecati tempora temporibus est praesentium quisquam.', 5, '2019-10-17 00:56:39', '2019-10-17 00:56:39'),
(46, 48, 'Dr. Maximillian Welch Sr.', 'Quis velit voluptas et rem fugiat. Temporibus qui dolor itaque qui deleniti dolorem. Facilis ipsum animi aut et voluptatem. Voluptatem quod reprehenderit suscipit fugiat.', 4, '2019-10-17 00:56:39', '2019-10-17 00:56:39'),
(47, 3, 'Eula Sipes IV', 'Saepe aut sit hic distinctio. Corporis commodi quo odit velit laborum.', 3, '2019-10-17 00:56:39', '2019-10-17 00:56:39'),
(48, 17, 'Damian Kshlerin', 'Minima qui eum est inventore impedit praesentium. Dolorem optio corrupti numquam ut laboriosam. Placeat voluptas omnis id dolorem vel expedita nemo.', 1, '2019-10-17 00:56:39', '2019-10-17 00:56:39'),
(49, 10, 'Lauren Marvin', 'Et eveniet unde in voluptas temporibus nemo voluptas. Sapiente placeat ipsa aut ut ea. Nemo id quia saepe quia quas aut tempore. Quos repudiandae officia amet eos.', 4, '2019-10-17 00:56:39', '2019-10-17 00:56:39'),
(50, 24, 'Andres Leannon MD', 'Assumenda adipisci dicta nobis atque et. Voluptas optio dolor quisquam odit. Assumenda a eum non non tenetur laboriosam. Omnis ad velit aliquid laudantium eos repellendus quo.', 4, '2019-10-17 00:56:39', '2019-10-17 00:56:39'),
(51, 33, 'Dr. Mozell Brekke', 'Enim delectus autem esse totam. Error facilis sunt veritatis dolor aliquid sunt possimus. Cumque error vitae atque.', 4, '2019-10-17 00:56:39', '2019-10-17 00:56:39'),
(52, 12, 'Gerda Hamill', 'Expedita nihil aut quam animi reiciendis voluptatem. Omnis alias tempore cum dolorem et. In qui minus libero non tempore. Quia perspiciatis quos sed ullam.', 5, '2019-10-17 00:56:39', '2019-10-17 00:56:39'),
(53, 1, 'Elmore Bahringer', 'Est accusamus repudiandae consequuntur reprehenderit at minus. Similique nobis maiores quia eligendi qui quo sunt vitae. Aliquam harum id rerum aut cupiditate tenetur laborum.', 3, '2019-10-17 00:56:39', '2019-10-17 00:56:39'),
(54, 29, 'Myles Cummings', 'Laboriosam nobis iste et possimus dolore. Autem iusto est est minus voluptatem.', 5, '2019-10-17 00:56:39', '2019-10-17 00:56:39'),
(55, 46, 'Hailey Leannon', 'Ab officiis natus et quia. Porro provident nam molestiae rem minus. Officiis aperiam ullam in quibusdam facilis quia.', 1, '2019-10-17 00:56:39', '2019-10-17 00:56:39'),
(56, 9, 'Abdullah Simonis', 'Natus iure nulla sint quo nam. Fugiat atque illum natus qui maxime error. Consequatur repudiandae minus dolores aliquam numquam aut. Blanditiis odit iusto vel quibusdam ipsam sunt. Sunt minima saepe repellendus aut et.', 1, '2019-10-17 00:56:39', '2019-10-17 00:56:39'),
(57, 20, 'Patricia Hauck', 'Dicta praesentium est ut molestiae cum dolor et nisi. Aut dolor nesciunt voluptas qui eum vero. Et distinctio et sint maiores tempore quia ut.', 5, '2019-10-17 00:56:39', '2019-10-17 00:56:39'),
(58, 16, 'Velma Eichmann III', 'Praesentium amet numquam expedita non. Vel cum officiis neque itaque nihil. Est molestiae et sed voluptatum. Nulla quaerat quas earum laborum.', 3, '2019-10-17 00:56:39', '2019-10-17 00:56:39'),
(59, 32, 'Marc Keebler', 'Eaque hic beatae voluptate et. Totam est facilis quos sit excepturi. Est et nobis aut totam consectetur.', 2, '2019-10-17 00:56:39', '2019-10-17 00:56:39'),
(60, 31, 'Concepcion Christiansen', 'Fugiat accusantium aliquam maxime quasi dolores. In non unde iure at maiores. Eum maxime vel velit suscipit tenetur. Sequi consequatur voluptatem neque laboriosam vitae deserunt. Qui aut eligendi fugit.', 5, '2019-10-17 00:56:39', '2019-10-17 00:56:39'),
(61, 31, 'Dr. Jared Bernier', 'Sequi inventore numquam sequi accusamus. Aliquam voluptatibus quia similique non fugiat.', 1, '2019-10-17 00:56:39', '2019-10-17 00:56:39'),
(62, 11, 'Clark Eichmann', 'Fuga ipsam cumque nesciunt impedit laudantium est commodi. Odit doloribus autem in enim. Sint vitae fugit quaerat id maxime nam. Voluptatum rerum pariatur voluptas autem.', 4, '2019-10-17 00:56:39', '2019-10-17 00:56:39'),
(63, 45, 'Abelardo Dach', 'Debitis error et nihil recusandae fuga omnis. Sint saepe velit excepturi est. Asperiores commodi illo impedit nobis.', 0, '2019-10-17 00:56:39', '2019-10-17 00:56:39'),
(64, 11, 'Ernie Krajcik', 'Sed est ad non eum consequuntur id autem non. Quia consequuntur ut laboriosam et eligendi. Possimus et veritatis velit aut non. Unde aut accusamus est ipsam.', 4, '2019-10-17 00:56:39', '2019-10-17 00:56:39'),
(65, 4, 'Citlalli Halvorson', 'Eos explicabo ratione est consequuntur ut dolore quaerat porro. In commodi qui quam aut. Dicta aspernatur nobis qui fugit et. Asperiores dolor id rerum dolore.', 1, '2019-10-17 00:56:39', '2019-10-17 00:56:39'),
(66, 12, 'Camryn Harber', 'Cum dicta tempore quis est est. Sit commodi labore qui optio quisquam velit sed. Suscipit voluptatum in debitis.', 4, '2019-10-17 00:56:39', '2019-10-17 00:56:39'),
(67, 20, 'Hillary Hand', 'Delectus mollitia dolores suscipit sapiente ullam. Repudiandae et nam ipsum sed porro nesciunt eveniet. Omnis consequuntur aut saepe adipisci veniam debitis ipsam. Dolores id cumque et quas et delectus ut.', 1, '2019-10-17 00:56:39', '2019-10-17 00:56:39'),
(68, 14, 'Mr. Frank Dach', 'Nobis molestias laborum saepe et. Cumque aliquam quo ducimus vero. Maiores non consequatur sit numquam cum minus. Sed impedit voluptate quia iure doloribus laborum aut.', 4, '2019-10-17 00:56:39', '2019-10-17 00:56:39'),
(69, 27, 'Ava Waelchi', 'Natus aut cupiditate harum. Animi voluptatum repellat cupiditate harum quisquam. Distinctio vel maiores ut error accusantium voluptatem. Aperiam doloremque impedit nobis consequuntur sed qui.', 1, '2019-10-17 00:56:39', '2019-10-17 00:56:39'),
(70, 3, 'Elroy Halvorson', 'Autem sit voluptatem quasi voluptas exercitationem. Sunt iure et quidem sit animi aliquam. Occaecati dolorem incidunt enim consequatur dolores.', 2, '2019-10-17 00:56:39', '2019-10-17 00:56:39'),
(71, 40, 'Ottilie Pfannerstill', 'Sit non enim sunt temporibus sit adipisci. Possimus sed illo et porro nostrum quam. Eaque adipisci eum totam ipsa cupiditate tempora. Commodi molestiae quo a facere ea. Molestiae quam neque id fuga eligendi.', 4, '2019-10-17 00:56:39', '2019-10-17 00:56:39'),
(72, 43, 'Prof. Cleora Stokes I', 'Et hic est non quis. Rerum adipisci recusandae incidunt tenetur error nihil. Architecto modi maxime maxime consequatur nobis maiores et. Sunt nostrum odio cupiditate sint consequatur. Iure est et nihil incidunt necessitatibus est voluptatem.', 2, '2019-10-17 00:56:39', '2019-10-17 00:56:39'),
(73, 13, 'Alena Heidenreich I', 'Et et tempora cum consequatur voluptas voluptatibus in. Optio perspiciatis esse accusantium adipisci id et. Dolores quas voluptas corporis aut sequi quia quia. Ad repellendus reiciendis officia veniam.', 3, '2019-10-17 00:56:39', '2019-10-17 00:56:39'),
(74, 49, 'Dr. Anjali Wunsch II', 'Dignissimos vitae ipsa sint ab et quisquam voluptatem. Adipisci et soluta id quae ut tempore tenetur illum. Eaque non laborum est saepe nisi. Reprehenderit molestiae quia eos beatae.', 0, '2019-10-17 00:56:39', '2019-10-17 00:56:39'),
(75, 33, 'Vincenzo Murphy', 'Assumenda quidem qui impedit quia reiciendis. Dolores quo aliquid autem molestias quia minima.', 5, '2019-10-17 00:56:39', '2019-10-17 00:56:39'),
(76, 44, 'Rafaela Gleichner III', 'Omnis quod et qui aut. Officiis et quos est facere. Earum assumenda rerum beatae et molestias vero. Voluptate numquam nisi praesentium consequuntur nostrum voluptas et. Nihil cupiditate quos mollitia rem.', 4, '2019-10-17 00:56:39', '2019-10-17 00:56:39'),
(77, 1, 'Lois Wisozk', 'Aut et ratione quisquam eligendi inventore dolore corporis saepe. Delectus est inventore harum ut suscipit asperiores. Molestias deserunt suscipit aliquam itaque eligendi soluta ea.', 1, '2019-10-17 00:56:39', '2019-10-17 00:56:39'),
(78, 48, 'Elmo Barrows', 'Iure iusto nihil hic reprehenderit libero. Cupiditate molestiae repellendus nemo doloremque nulla. Aperiam placeat nesciunt ullam autem commodi.', 0, '2019-10-17 00:56:39', '2019-10-17 00:56:39'),
(79, 37, 'Sadie Brown', 'Quibusdam occaecati ab voluptatibus iure. Vel et numquam quia eos vel cumque distinctio facere. Maiores consequatur voluptate praesentium sed qui laboriosam commodi.', 0, '2019-10-17 00:56:39', '2019-10-17 00:56:39'),
(80, 39, 'Amira Gerhold', 'Reprehenderit error doloremque culpa dolor voluptatem praesentium. Aspernatur aperiam quasi explicabo occaecati corporis fuga. In facilis rerum aut culpa. Qui quo laudantium atque totam odio iste nulla.', 3, '2019-10-17 00:56:39', '2019-10-17 00:56:39'),
(81, 19, 'Dedric Feest', 'Tempora corporis adipisci neque quo et. Vel at corrupti rem occaecati et omnis et.', 0, '2019-10-17 00:56:39', '2019-10-17 00:56:39'),
(82, 43, 'Monserrate Hartmann', 'Cumque iusto tempora maxime officia incidunt. Nihil at dolor ut in. Nobis rerum omnis ipsum qui non nobis dolor. Assumenda minima est nesciunt molestiae quos deleniti quisquam.', 2, '2019-10-17 00:56:39', '2019-10-17 00:56:39'),
(83, 42, 'Darrin Beer', 'Officia vero et velit deserunt. Voluptatem facere accusamus nostrum minima quia. Veniam labore inventore dolor.', 1, '2019-10-17 00:56:39', '2019-10-17 00:56:39'),
(84, 3, 'Twila Braun', 'Ad voluptatem molestiae consectetur perspiciatis. Consequatur quo consequuntur voluptatibus eaque. Quis omnis doloribus velit debitis et. Consequatur inventore animi illo recusandae officiis numquam omnis. Eligendi exercitationem sed sed consequatur eum hic repudiandae.', 2, '2019-10-17 00:56:39', '2019-10-17 00:56:39'),
(85, 27, 'Jazlyn Adams', 'Eaque quidem doloribus perferendis harum totam magni atque aut. Quos itaque alias ea qui vel. Ipsam iusto ullam alias voluptas perferendis est. Veritatis accusantium reiciendis impedit est nesciunt cum ullam autem.', 4, '2019-10-17 00:56:39', '2019-10-17 00:56:39'),
(86, 16, 'Dr. Norbert Kessler V', 'Officiis ad dolorem cupiditate non. Veniam iste est provident a. Dolorum molestiae molestiae laudantium et eos odio.', 4, '2019-10-17 00:56:39', '2019-10-17 00:56:39'),
(87, 42, 'Prof. Clovis Kovacek', 'Minus explicabo magnam nulla vitae repudiandae mollitia est enim. Accusantium adipisci eius sed quam consectetur. Quaerat atque quos id quaerat tempora ducimus voluptas. Ullam in voluptates nihil officiis.', 3, '2019-10-17 00:56:39', '2019-10-17 00:56:39'),
(88, 36, 'Dr. Jovan Murray III', 'Ad omnis quia dignissimos atque. Quidem facilis ratione et aut aut ab mollitia velit.', 1, '2019-10-17 00:56:39', '2019-10-17 00:56:39'),
(89, 35, 'Quincy Heidenreich', 'Molestiae provident impedit aperiam dolore ad vero eos. Consequatur nam id fugit vero omnis.', 1, '2019-10-17 00:56:39', '2019-10-17 00:56:39'),
(90, 49, 'Caesar Rolfson', 'Recusandae enim aperiam deleniti eaque. Qui porro assumenda esse inventore ipsa et. Debitis eaque et culpa molestiae sapiente enim a accusamus. Cum vel eos sunt dolores.', 2, '2019-10-17 00:56:39', '2019-10-17 00:56:39'),
(91, 21, 'Luz Collier', 'Temporibus sint ullam quia delectus qui ut aliquam. Hic quos quas et est. Exercitationem facere ex velit sed.', 3, '2019-10-17 00:56:39', '2019-10-17 00:56:39'),
(92, 5, 'Dustin Monahan', 'Aspernatur harum tenetur dolor cumque est enim dolores. Minima tempora minima rem. Sint voluptate rem eum explicabo voluptas.', 4, '2019-10-17 00:56:39', '2019-10-17 00:56:39'),
(93, 46, 'Miss Katharina Beier', 'Natus quibusdam et soluta illum. Molestiae optio sunt doloribus ut. Quod ipsam molestiae vero eius ratione et. Accusamus numquam atque sequi ipsam nostrum doloremque enim id.', 2, '2019-10-17 00:56:39', '2019-10-17 00:56:39'),
(94, 39, 'Juana Robel', 'Rem eos illo optio voluptatum magni libero dignissimos. Ut officiis tempora aut veritatis. Fuga repellat ipsam dignissimos amet corrupti non neque.', 5, '2019-10-17 00:56:39', '2019-10-17 00:56:39'),
(95, 48, 'Mr. Gerhard Baumbach', 'Praesentium similique laborum quibusdam deserunt. Tempore repellendus nihil possimus rerum. Et quos possimus quas doloremque.', 3, '2019-10-17 00:56:39', '2019-10-17 00:56:39'),
(96, 49, 'Davin Padberg', 'Quo sint natus ut adipisci. Voluptatibus quibusdam eos velit iure. Qui ipsam perferendis nesciunt quis. Ea repudiandae beatae rerum eligendi est distinctio non. Aut placeat natus ut deleniti voluptas.', 0, '2019-10-17 00:56:39', '2019-10-17 00:56:39'),
(97, 43, 'Reba Sauer', 'Illum similique quia tempora dolores adipisci repellendus odit. Et eveniet nihil quam quis iusto.', 3, '2019-10-17 00:56:39', '2019-10-17 00:56:39'),
(98, 15, 'Dr. Brycen Glover', 'Id et laboriosam omnis ut. Et deleniti voluptatem sunt cum illum. Voluptatem numquam ratione eos numquam iure libero occaecati.', 5, '2019-10-17 00:56:39', '2019-10-17 00:56:39'),
(99, 12, 'Alejandra Johnson', 'Nihil veritatis mollitia rerum commodi est saepe sed. Et quia magni quibusdam enim enim voluptatem blanditiis. Nobis molestiae debitis nihil beatae debitis harum. Error praesentium exercitationem numquam earum tempore ipsam.', 0, '2019-10-17 00:56:39', '2019-10-17 00:56:39'),
(100, 23, 'Ofelia Deckow', 'Autem voluptates est distinctio laboriosam sunt. Sint placeat ut id. Libero amet odio ratione alias nulla consectetur cum nulla. Aliquid excepturi commodi non id perspiciatis. Quo aut iusto aliquid qui adipisci.', 3, '2019-10-17 00:56:39', '2019-10-17 00:56:39'),
(101, 23, 'Madaline Abernathy', 'Autem eveniet cupiditate architecto omnis porro. Mollitia odio architecto fuga ex ullam. Officiis ipsum nesciunt nihil assumenda voluptatem voluptatem.', 5, '2019-10-17 00:56:39', '2019-10-17 00:56:39'),
(102, 16, 'Dr. Marquis Kovacek III', 'Quisquam autem rerum reiciendis praesentium illo. Quaerat exercitationem nihil assumenda nostrum ut aut. Voluptatem eligendi debitis a accusantium.', 4, '2019-10-17 00:56:39', '2019-10-17 00:56:39'),
(103, 22, 'Arden Stamm', 'Inventore necessitatibus qui est unde omnis neque molestias. Quam et quo qui et. Iste ipsum dignissimos et labore. Ratione ut perspiciatis dolores omnis quisquam est nulla dolorem.', 2, '2019-10-17 00:56:39', '2019-10-17 00:56:39'),
(104, 32, 'Kieran Abbott', 'Culpa quia eum exercitationem ab ut nisi. Magnam error ad ea sint laborum voluptatem facere eos. Nisi asperiores expedita culpa est.', 4, '2019-10-17 00:56:39', '2019-10-17 00:56:39'),
(105, 46, 'Modesto Bechtelar', 'Quisquam nisi cum qui iure. Voluptas est eum consequatur minima quo dolor. Repellat ut at occaecati sit earum cumque neque iusto.', 1, '2019-10-17 00:56:39', '2019-10-17 00:56:39'),
(106, 39, 'Ellie Hermann DDS', 'Optio rerum sit alias distinctio corrupti saepe. A dolorem deleniti eligendi odio quaerat ut est. Facere cumque quis aut velit omnis eveniet.', 2, '2019-10-17 00:56:39', '2019-10-17 00:56:39'),
(107, 41, 'Muriel Mills', 'Enim expedita voluptatum quam veritatis pariatur perferendis. Eos error nam vitae quibusdam dolorem occaecati odit. Deserunt cupiditate qui delectus aspernatur itaque. Quas perferendis corrupti omnis necessitatibus omnis quas et.', 3, '2019-10-17 00:56:39', '2019-10-17 00:56:39'),
(108, 28, 'Mr. Willard Collins', 'Quo amet eum deserunt earum doloremque ea minus ex. Voluptatem veritatis officia aliquam molestiae. Fuga dolore nihil et voluptatem odio nostrum est.', 0, '2019-10-17 00:56:39', '2019-10-17 00:56:39'),
(109, 44, 'Ms. Josefina Rodriguez I', 'Cumque reiciendis quo sunt. Quam architecto omnis asperiores incidunt. Voluptatem harum voluptas illo quo placeat nemo.', 1, '2019-10-17 00:56:39', '2019-10-17 00:56:39'),
(110, 15, 'Aurelio Hayes III', 'Eveniet repellendus non non laboriosam possimus. Officia sed minima aut fugiat. Fugit optio delectus et quo. Praesentium quaerat explicabo pariatur est qui qui.', 3, '2019-10-17 00:56:39', '2019-10-17 00:56:39'),
(111, 50, 'Ms. Julie Cummerata DVM', 'Quaerat unde perferendis voluptatem maiores beatae deleniti. Quo dolorem labore voluptas est. Veritatis sunt omnis quam eius asperiores et.', 1, '2019-10-17 00:56:39', '2019-10-17 00:56:39'),
(112, 50, 'Abigail Goyette IV', 'Iste vel consequatur aut consequatur tempora et nihil. Ex fugiat nam similique aperiam ut aspernatur. Molestiae dolore porro quae ullam excepturi praesentium. Asperiores sit excepturi in voluptatibus qui.', 0, '2019-10-17 00:56:39', '2019-10-17 00:56:39'),
(113, 49, 'Abe Abernathy', 'Et et doloremque non numquam non. Sint libero commodi non quos laborum aliquam atque. Doloremque dolores distinctio et neque consectetur atque. Voluptas et provident qui odio voluptatem. Maxime eos voluptatum perspiciatis nulla deserunt deserunt.', 1, '2019-10-17 00:56:39', '2019-10-17 00:56:39'),
(114, 8, 'Roselyn Lang', 'Aut aut soluta beatae vitae ut. Expedita et eos aliquam doloribus debitis voluptatum. Vel fuga enim ut consectetur. Blanditiis eveniet omnis in at qui.', 1, '2019-10-17 00:56:39', '2019-10-17 00:56:39'),
(115, 49, 'Bernadine Kihn', 'Sunt numquam eius aut architecto. Dolore ad debitis necessitatibus ut animi. Doloribus minima quaerat eum labore optio nulla. Enim rerum commodi optio.', 1, '2019-10-17 00:56:39', '2019-10-17 00:56:39'),
(116, 28, 'Miss Berneice D\'Amore III', 'Id numquam et magnam rerum. Nobis labore consequatur reprehenderit maiores aliquid ut magnam. Sed autem expedita nihil accusamus. Provident omnis repudiandae quaerat qui velit sint rerum rem.', 4, '2019-10-17 00:56:39', '2019-10-17 00:56:39'),
(117, 19, 'Miss Willa Sporer III', 'Et quidem voluptatum hic recusandae fuga. Eum sed blanditiis iste dolore vitae sed quas. Omnis vero dolor sunt cumque iusto. Facere aperiam pariatur tempora et.', 3, '2019-10-17 00:56:39', '2019-10-17 00:56:39'),
(118, 19, 'Eleanore Hane', 'Id ea est sunt sequi animi quam. Sit earum adipisci sit officia esse expedita. Nostrum at nobis doloremque quidem in odio. Vel facilis praesentium nesciunt dolor.', 2, '2019-10-17 00:56:39', '2019-10-17 00:56:39'),
(119, 42, 'Dr. Dimitri Farrell', 'Libero aut qui facere itaque ex quod delectus qui. Saepe qui ipsa temporibus et voluptate rerum dolorem. Ea omnis quidem qui iste perspiciatis quod.', 4, '2019-10-17 00:56:39', '2019-10-17 00:56:39'),
(120, 21, 'Leilani Lowe PhD', 'Sint dolorum iure ad voluptatem delectus qui. Quae aut nulla nesciunt consequatur. Accusamus earum quisquam assumenda dolorum aut est et.', 1, '2019-10-17 00:56:39', '2019-10-17 00:56:39'),
(121, 28, 'Maurice Nitzsche III', 'Ab expedita ea qui aperiam. Aliquam ipsa sed tenetur ipsa. Non ut perferendis incidunt qui aut aut. Quam officia autem repudiandae cupiditate iusto molestiae est. Qui eos non aut.', 5, '2019-10-17 00:56:39', '2019-10-17 00:56:39'),
(122, 14, 'Karlee Ferry', 'Animi pariatur voluptates quod velit cum. Quod dignissimos praesentium itaque eveniet sed sapiente sed. Consequatur aspernatur impedit est aliquid placeat nihil.', 3, '2019-10-17 00:56:39', '2019-10-17 00:56:39'),
(123, 6, 'Candido Gibson', 'Perferendis incidunt fuga consequatur neque aspernatur est. Qui animi aliquid dolores voluptates. Corporis qui tempore voluptatibus assumenda facilis.', 2, '2019-10-17 00:56:39', '2019-10-17 00:56:39'),
(124, 23, 'Dr. Izabella Kertzmann III', 'Dicta dolor vel voluptatem autem adipisci. Velit omnis quam suscipit qui culpa nisi. Odit dolore maiores ea quis.', 0, '2019-10-17 00:56:39', '2019-10-17 00:56:39'),
(125, 8, 'Rosetta Marvin II', 'Quod aperiam dolores velit assumenda aut. Vel quisquam dolorem tempora enim doloribus. Velit autem tenetur similique molestiae ut debitis.', 4, '2019-10-17 00:56:39', '2019-10-17 00:56:39'),
(126, 49, 'Carey Beatty', 'Aut quo autem ipsam fugiat ratione ut. Voluptas cum dolore laborum est. Suscipit nesciunt ut dolores quaerat. Libero ut laudantium et dicta assumenda eos.', 0, '2019-10-17 00:56:39', '2019-10-17 00:56:39'),
(127, 8, 'Dr. Lisandro Friesen', 'Minima id ipsa facilis similique magni maxime numquam. A sapiente et et enim natus quo sint. Fuga consequatur ipsa ab consequatur voluptatibus neque sint. Minus consectetur vero esse magnam distinctio temporibus.', 3, '2019-10-17 00:56:39', '2019-10-17 00:56:39'),
(128, 22, 'Calista Toy', 'Et adipisci quod unde repellat exercitationem. Perspiciatis doloremque nihil corrupti tenetur facere. Harum et ut et provident ut omnis nobis. Eum veritatis qui voluptatum aperiam.', 1, '2019-10-17 00:56:39', '2019-10-17 00:56:39'),
(129, 11, 'Lew Volkman', 'A ullam et dolorum sit ab. Voluptas beatae et officia inventore. Harum totam possimus quaerat deleniti dolorem. Quidem expedita est alias eos qui nihil omnis ea. Aliquid aut reprehenderit accusantium et ea voluptatem nam esse.', 0, '2019-10-17 00:56:39', '2019-10-17 00:56:39'),
(130, 32, 'David Kautzer', 'Est accusamus neque eos mollitia esse. Accusamus suscipit quibusdam voluptates impedit consequatur ea ad nisi. Porro quia quo architecto.', 5, '2019-10-17 00:56:39', '2019-10-17 00:56:39'),
(131, 27, 'Louvenia Johnson', 'Maiores aliquam provident est ab quaerat et. Est rerum perferendis non et. Totam ut molestias provident consequatur itaque nihil doloremque.', 5, '2019-10-17 00:56:39', '2019-10-17 00:56:39'),
(132, 18, 'Dr. Maxine Torp', 'Fugiat dolores ipsa labore commodi illum. Quisquam et ducimus illo in quidem rerum assumenda. Nobis quod modi omnis architecto odio animi aliquid. Et sit aspernatur et necessitatibus exercitationem ullam delectus.', 3, '2019-10-17 00:56:39', '2019-10-17 00:56:39'),
(133, 24, 'Isabell Powlowski', 'Itaque hic numquam magnam inventore ab. Nihil magni provident eaque nesciunt ut aliquam qui facere.', 1, '2019-10-17 00:56:39', '2019-10-17 00:56:39'),
(134, 6, 'Dr. Dalton Reichel III', 'Ut ratione a nulla vero ea non tempora. Ducimus facere sint nesciunt amet repellat sit. Expedita placeat dolore consequatur deserunt alias. Ipsum sapiente animi rem. Et ad tempore ut dolorem.', 0, '2019-10-17 00:56:39', '2019-10-17 00:56:39'),
(135, 30, 'Destiny Ziemann', 'Sed dolor earum fuga voluptatem nesciunt. Repellat dignissimos earum et asperiores aut. Dignissimos eligendi ipsa culpa magnam beatae occaecati laborum.', 0, '2019-10-17 00:56:39', '2019-10-17 00:56:39'),
(136, 13, 'Miss Annetta Terry', 'Dignissimos iusto eum amet saepe. Illo quia deleniti dolor modi. Consectetur voluptas eaque ea incidunt. Debitis sequi iusto ea explicabo reiciendis sapiente neque.', 1, '2019-10-17 00:56:39', '2019-10-17 00:56:39'),
(137, 48, 'Cleora Hegmann', 'Similique et impedit quidem assumenda ullam. Inventore exercitationem possimus incidunt aliquid voluptates harum sunt. Necessitatibus unde repudiandae sunt qui laboriosam error nam.', 2, '2019-10-17 00:56:39', '2019-10-17 00:56:39'),
(138, 4, 'Miss Shaniya Turcotte', 'Quia id ducimus natus dolorem beatae vitae. Dolorem harum voluptatum dolor eveniet nesciunt ut. Enim quisquam assumenda delectus omnis cupiditate officia nesciunt.', 0, '2019-10-17 00:56:39', '2019-10-17 00:56:39'),
(139, 32, 'Shayne Sauer', 'Sint fugiat quisquam facilis minima omnis delectus. Quo voluptas et consequuntur voluptas et quibusdam in. Architecto amet excepturi modi incidunt autem ut temporibus. Sit illum est velit illo unde deserunt quia aperiam. Sunt voluptatem nostrum ut ut cum non vero.', 1, '2019-10-17 00:56:39', '2019-10-17 00:56:39'),
(140, 31, 'Keara Little', 'Quidem id nihil magni unde. Officia amet ea cumque voluptatem. Suscipit quod velit eius.', 1, '2019-10-17 00:56:39', '2019-10-17 00:56:39'),
(141, 7, 'Annette Deckow II', 'Aspernatur similique aut iusto qui. Quia quasi voluptatibus dolores.', 4, '2019-10-17 00:56:39', '2019-10-17 00:56:39'),
(142, 13, 'Brendan Simonis IV', 'Architecto consequuntur autem temporibus officiis. Sapiente sed et aut ut enim quidem. Libero cum veritatis sit.', 0, '2019-10-17 00:56:39', '2019-10-17 00:56:39'),
(143, 34, 'Brooks Wolff', 'Molestias mollitia quibusdam rerum accusamus impedit ipsum. Sequi sit praesentium distinctio facilis vel assumenda aut hic. Possimus unde quod molestiae corporis ea perferendis qui. Rerum amet laboriosam laboriosam error laudantium saepe.', 3, '2019-10-17 00:56:39', '2019-10-17 00:56:39'),
(144, 15, 'Cathrine Jacobs', 'In quia voluptate numquam modi quis. Labore eum cupiditate et ea commodi corrupti. Sit mollitia itaque doloribus. Non ut eveniet aut et est at. Sed velit qui sed quae vel.', 4, '2019-10-17 00:56:39', '2019-10-17 00:56:39'),
(145, 19, 'Miss Maci Carter', 'Corrupti ratione molestias eos magni id. Enim qui eum numquam quia. Aut consequatur necessitatibus adipisci.', 2, '2019-10-17 00:56:39', '2019-10-17 00:56:39'),
(146, 16, 'Mr. Derick Kuhn DDS', 'Impedit ut facilis laboriosam dolor ab. Animi ducimus asperiores maxime et quia ut. Facere ipsa dignissimos quo. Mollitia earum rerum cupiditate.', 0, '2019-10-17 00:56:39', '2019-10-17 00:56:39'),
(147, 23, 'Yesenia Connelly', 'Incidunt laboriosam repudiandae fugiat temporibus pariatur facere. Ut et quidem itaque officia. Dolor libero deserunt voluptatum eum.', 4, '2019-10-17 00:56:39', '2019-10-17 00:56:39'),
(148, 22, 'Columbus Tremblay', 'Quos voluptatem eos ut velit delectus. Sapiente voluptatem at omnis assumenda tempore error ipsum. Magni quo voluptas tenetur ab quo.', 2, '2019-10-17 00:56:39', '2019-10-17 00:56:39'),
(149, 45, 'Bridgette Jacobson', 'Sit ut alias odio rerum sit natus sunt. Quia placeat odit saepe ipsam. Ut enim voluptas voluptatem consequatur consequuntur velit velit.', 1, '2019-10-17 00:56:39', '2019-10-17 00:56:39'),
(150, 42, 'Brady Thompson', 'Eos est architecto odio est et sit. Nam qui labore dolores error saepe expedita. Qui doloribus voluptas mollitia quis minima dicta in.', 2, '2019-10-17 00:56:39', '2019-10-17 00:56:39'),
(151, 8, 'Prof. Filiberto Konopelski III', 'Neque rerum ratione in exercitationem deleniti voluptas doloremque facilis. Doloremque voluptatem et modi eius eius. Perferendis libero velit quo est voluptas sed et.', 2, '2019-10-17 00:56:39', '2019-10-17 00:56:39'),
(152, 21, 'Prof. Noe Pfannerstill', 'Ut eum amet cum et. Ut qui vero sint. Amet ratione sit molestias aliquid magnam laudantium quia. Explicabo quis iusto est omnis.', 1, '2019-10-17 00:56:39', '2019-10-17 00:56:39'),
(153, 3, 'Gust Raynor', 'Ad iste adipisci fugit ipsa. Et voluptatum explicabo enim officia perspiciatis voluptate. Dignissimos maxime nostrum sunt quasi.', 3, '2019-10-17 00:56:39', '2019-10-17 00:56:39'),
(154, 9, 'Prof. Curtis Dickens V', 'Sint sit odit quis inventore voluptatem. Perferendis cupiditate sunt quos aut dolorem explicabo.', 0, '2019-10-17 00:56:39', '2019-10-17 00:56:39'),
(155, 10, 'Karlie Jerde', 'Est hic omnis corrupti tempore deserunt aut. Sed et accusantium et consectetur molestiae in. Vel vel ullam natus quibusdam reiciendis et. Aut ea eum corrupti.', 4, '2019-10-17 00:56:39', '2019-10-17 00:56:39'),
(156, 42, 'Prof. Yasmin Hauck', 'Alias architecto repellendus odio et nobis et. Non earum dolor rerum minima. Consequatur unde ratione consequuntur nobis.', 2, '2019-10-17 00:56:39', '2019-10-17 00:56:39'),
(157, 20, 'Dr. Eula Torphy', 'Corporis magnam unde ut earum quasi. Earum id laudantium in omnis sunt doloribus ullam odit. Iste consequatur et est architecto sunt.', 4, '2019-10-17 00:56:39', '2019-10-17 00:56:39'),
(158, 2, 'Desmond Weissnat', 'Inventore laborum corrupti hic fugiat. Repellat voluptatem quasi eveniet optio dolorem quia officiis. Necessitatibus reprehenderit eum soluta et ullam tempore dolor. Commodi optio nemo quo voluptatem distinctio ex aut.', 3, '2019-10-17 00:56:39', '2019-10-17 00:56:39'),
(159, 39, 'Leda Rau V', 'Aut doloribus voluptas aperiam aut facilis. Ea deleniti deleniti quia non provident. Nisi eaque rerum totam aut numquam labore. Qui sapiente aliquid aut id.', 4, '2019-10-17 00:56:39', '2019-10-17 00:56:39'),
(160, 21, 'Prof. Jerrod Renner V', 'Aut corrupti est qui qui quo deleniti odit debitis. Itaque vero et vero et voluptatem ut. Officiis sequi enim vero. Animi nesciunt sed voluptatibus at ipsam voluptatem voluptas. Sit facilis architecto est quia dolores fugit.', 4, '2019-10-17 00:56:39', '2019-10-17 00:56:39'),
(161, 16, 'Anabel Trantow', 'Ut voluptatem incidunt porro voluptas perferendis debitis vero sit. Asperiores commodi asperiores quia voluptatem a. Sed nihil veritatis voluptatem. Minus labore rerum id.', 5, '2019-10-17 00:56:39', '2019-10-17 00:56:39'),
(162, 29, 'Charity Murphy I', 'Facilis velit ratione soluta quia. Provident alias ut vel labore. In qui quia maiores earum corrupti. Voluptate est alias ex voluptate quia aut consequuntur. Quaerat eveniet nostrum perspiciatis omnis quia.', 1, '2019-10-17 00:56:39', '2019-10-17 00:56:39'),
(163, 38, 'Conor Kutch', 'Error molestiae et cupiditate et. Vel repellat placeat rem. Tenetur ut qui qui repudiandae. Corrupti est et autem adipisci facere sint alias.', 3, '2019-10-17 00:56:39', '2019-10-17 00:56:39'),
(164, 23, 'Jules Ziemann', 'Quis numquam quisquam fugit voluptatem dolor quia. Quaerat consequatur minus magni hic illo aliquid illo. Deserunt veritatis quod omnis asperiores velit sit quam.', 4, '2019-10-17 00:56:39', '2019-10-17 00:56:39'),
(165, 16, 'Marisa Murray', 'Est consequuntur fugit repudiandae alias non cum ut. Rerum est voluptates omnis ratione vitae placeat. Deleniti autem cumque harum expedita culpa sequi voluptatem officia. Debitis exercitationem commodi ut exercitationem.', 5, '2019-10-17 00:56:39', '2019-10-17 00:56:39'),
(166, 50, 'Marcellus Tromp', 'Amet quia nam voluptates est et exercitationem cum nesciunt. Dolor molestiae quo autem et eum. Est ut accusamus sed nam praesentium exercitationem odit. Non sit iusto delectus earum ea fuga dolor.', 3, '2019-10-17 00:56:39', '2019-10-17 00:56:39'),
(167, 7, 'Connie Gerlach', 'Consequatur cumque assumenda voluptatibus porro id sequi natus. Qui sed aspernatur modi quaerat qui nemo. Enim recusandae molestias aperiam officia architecto qui est. Accusantium porro numquam architecto dolor expedita ducimus excepturi.', 2, '2019-10-17 00:56:39', '2019-10-17 00:56:39'),
(168, 9, 'Dr. Humberto West', 'Rerum et consequatur quo nostrum. Temporibus rerum similique ea odio perferendis. Eum unde et sunt consequuntur sapiente quos. Tempore eum est fuga est nulla sit.', 2, '2019-10-17 00:56:39', '2019-10-17 00:56:39'),
(169, 15, 'Miss Eunice O\'Connell', 'Est impedit earum laboriosam qui laudantium necessitatibus harum. Ex deleniti enim ipsum consequuntur autem. Officiis qui quasi non dolor est. Veritatis aperiam fugit consequatur ea eaque distinctio.', 2, '2019-10-17 00:56:39', '2019-10-17 00:56:39'),
(170, 14, 'Mason Lehner', 'Vel quis consequatur nemo. Iure sed ut non qui quam et. Dolores cum consequatur optio quo.', 5, '2019-10-17 00:56:39', '2019-10-17 00:56:39'),
(171, 1, 'Carolina Gottlieb III', 'Omnis voluptate ea dicta consequuntur itaque. Repellat possimus mollitia qui labore nostrum error molestiae. Numquam est rerum voluptatum id doloribus aspernatur voluptatem.', 1, '2019-10-17 00:56:39', '2019-10-17 00:56:39'),
(172, 45, 'Prof. Kevin Balistreri Jr.', 'Ipsa laudantium corrupti architecto ea. Saepe ut dolores nobis ea tempora quis odio vitae. Omnis placeat eveniet sunt distinctio deleniti.', 2, '2019-10-17 00:56:39', '2019-10-17 00:56:39'),
(173, 42, 'Alexandra Raynor', 'Impedit et veniam et fuga amet aperiam ducimus. Totam dolor est ea voluptate ab. Reiciendis quo impedit quia et nobis perspiciatis consequatur.', 1, '2019-10-17 00:56:39', '2019-10-17 00:56:39'),
(174, 4, 'Dr. Louie Baumbach', 'Ut fugiat numquam repudiandae atque voluptas nobis minus unde. Enim in sapiente officia quia provident. Maxime sit vel et mollitia fuga asperiores et aut.', 0, '2019-10-17 00:56:39', '2019-10-17 00:56:39'),
(175, 49, 'Shayna Greenholt', 'Qui qui qui magnam aut nihil. Distinctio est quia sed non quia dolor quae et. Magnam sint facere ipsum omnis natus odio quis.', 4, '2019-10-17 00:56:39', '2019-10-17 00:56:39'),
(176, 8, 'Blaise Wilkinson II', 'Nihil aperiam et corrupti quia et non. Impedit autem aut eius est qui rerum et. Nam voluptas voluptates in laboriosam aut dolores dicta. Repellendus asperiores odio optio culpa atque.', 5, '2019-10-17 00:56:39', '2019-10-17 00:56:39'),
(177, 48, 'Sidney Tromp', 'Adipisci fugit sed voluptatum est culpa hic enim sit. Quia eius nemo accusamus deserunt sint ad nihil. In alias quas dolor et.', 1, '2019-10-17 00:56:40', '2019-10-17 00:56:40'),
(178, 42, 'Rosalind Bruen', 'Reprehenderit magni nulla velit quam. Officiis qui exercitationem autem perspiciatis. Qui et et sequi rerum. Commodi corrupti consectetur inventore reprehenderit consectetur. Dicta asperiores voluptatem fugiat aut explicabo fugiat.', 4, '2019-10-17 00:56:40', '2019-10-17 00:56:40'),
(179, 33, 'Dudley Altenwerth Jr.', 'Sit velit nobis non ea. Dolores nulla corrupti tempore impedit non porro quia explicabo. Optio provident et perferendis ipsum sequi corrupti est. Est corporis cupiditate distinctio possimus aut dolore qui.', 0, '2019-10-17 00:56:40', '2019-10-17 00:56:40'),
(180, 3, 'Marjolaine Purdy', 'Ea dolore impedit magnam est. Repudiandae vel enim amet error. Eveniet et aliquid enim culpa aut dolorum sunt. Dignissimos et tempora qui libero aliquam.', 0, '2019-10-17 00:56:40', '2019-10-17 00:56:40'),
(181, 13, 'Cora Bradtke', 'Doloribus enim laboriosam non accusantium debitis consequuntur. Itaque asperiores sunt impedit voluptas eum impedit ab.', 0, '2019-10-17 00:56:40', '2019-10-17 00:56:40'),
(182, 4, 'Ms. Natalie Little Jr.', 'Sequi eligendi et dolor quas rem officiis. Explicabo quisquam aperiam consequatur non ut animi.', 1, '2019-10-17 00:56:40', '2019-10-17 00:56:40'),
(183, 27, 'Heber Harris', 'Accusamus ex fugiat eaque placeat ea iste beatae itaque. Voluptas molestiae suscipit et aut et. Aspernatur ipsa nam magnam sunt fugiat itaque dolores. Et provident soluta rem ipsam a inventore.', 2, '2019-10-17 00:56:40', '2019-10-17 00:56:40'),
(184, 7, 'Mr. Domenick Kihn Sr.', 'Quia voluptatum quas autem sequi consequatur ut quasi recusandae. Totam eos deleniti nostrum voluptates expedita. Sit aperiam consequuntur deleniti magni nobis.', 0, '2019-10-17 00:56:40', '2019-10-17 00:56:40'),
(185, 11, 'Dr. Myriam Hickle', 'Corporis debitis id vero omnis. Ut quo autem aut rem et. Doloremque earum ab id cumque nesciunt. Aut iusto veritatis nisi labore doloribus exercitationem.', 3, '2019-10-17 00:56:40', '2019-10-17 00:56:40'),
(186, 8, 'Ellsworth Littel', 'Sit molestiae ex ab aperiam. Ea et ipsa numquam et omnis. Quasi doloremque ut sint temporibus cum impedit laudantium numquam.', 4, '2019-10-17 00:56:40', '2019-10-17 00:56:40'),
(187, 45, 'Alvah Feeney', 'Ipsam itaque aperiam commodi nostrum. Eius distinctio occaecati omnis et delectus. Commodi harum esse debitis repellat. Modi aut fugit ut sapiente.', 4, '2019-10-17 00:56:40', '2019-10-17 00:56:40'),
(188, 8, 'Prof. Demarco Kerluke', 'Dolorum distinctio necessitatibus non est itaque aut illo. Quod nihil quis beatae. Qui et rem architecto natus vel facilis.', 3, '2019-10-17 00:56:40', '2019-10-17 00:56:40'),
(189, 38, 'Willy Kiehn', 'Ratione saepe ex perspiciatis quia non vitae. Est quae pariatur rerum placeat voluptates odio. Vel ut eveniet reiciendis voluptatem magni et.', 2, '2019-10-17 00:56:40', '2019-10-17 00:56:40'),
(190, 27, 'Prof. Patrick Gutmann', 'Ut ut harum autem sunt. Est eum rerum quod libero dignissimos quia sit. Consequatur consequatur explicabo dolorum asperiores autem illo.', 0, '2019-10-17 00:56:40', '2019-10-17 00:56:40'),
(191, 44, 'Gardner Bogan', 'Fugiat autem excepturi explicabo veniam et vel et. Quidem ut excepturi quae unde est excepturi.', 3, '2019-10-17 00:56:40', '2019-10-17 00:56:40'),
(192, 8, 'Ezra Mann', 'Error magni quo et tempora accusantium. Enim rerum qui dolorum tempore eius. Et ut aliquam esse iusto at.', 3, '2019-10-17 00:56:40', '2019-10-17 00:56:40'),
(193, 18, 'Dr. Burnice Kozey', 'Sint eveniet dicta voluptas aliquid voluptas odit. Qui corporis quas sint rerum quia autem sapiente. Aut animi quis quia iste culpa et.', 3, '2019-10-17 00:56:40', '2019-10-17 00:56:40'),
(194, 4, 'Thaddeus Wilkinson', 'Cum dolorem quisquam ut. Dolor dolor at et. Quod voluptas qui est distinctio.', 5, '2019-10-17 00:56:40', '2019-10-17 00:56:40'),
(195, 12, 'Vicky Hackett', 'Eum velit accusantium officiis animi illum. Nihil nisi totam doloribus harum. Delectus velit itaque distinctio fugiat accusantium. Quaerat temporibus amet ea aliquid dolorem sed magnam.', 2, '2019-10-17 00:56:40', '2019-10-17 00:56:40'),
(196, 11, 'Kenyatta Smitham', 'Qui harum beatae non autem impedit officia. Quibusdam rerum laboriosam qui alias blanditiis et dolor. Odio possimus possimus sint sunt. Repudiandae laboriosam dolore qui sint.', 1, '2019-10-17 00:56:40', '2019-10-17 00:56:40'),
(197, 38, 'Leanna Hodkiewicz', 'Eos id cupiditate aliquam optio nihil eius et. Itaque impedit dicta voluptatem eos error. Quasi eum sunt sed et cupiditate consequatur dolores.', 1, '2019-10-17 00:56:40', '2019-10-17 00:56:40'),
(198, 12, 'Euna Marks', 'Est quis error soluta qui. Eligendi explicabo aut cumque reprehenderit autem voluptas qui alias. Similique ut assumenda dolor amet id optio vitae.', 3, '2019-10-17 00:56:40', '2019-10-17 00:56:40'),
(199, 49, 'Dr. Linda Bechtelar PhD', 'Rerum ducimus enim corrupti molestiae quaerat aspernatur hic. Deserunt numquam possimus labore sit eius. Temporibus quidem sed recusandae assumenda culpa asperiores et. Impedit voluptas impedit modi quisquam sint.', 0, '2019-10-17 00:56:40', '2019-10-17 00:56:40'),
(200, 32, 'Isabell Ebert', 'Numquam sed commodi beatae aliquid rerum distinctio dolores adipisci. Aut dolores non qui itaque iure. Ratione provident iste eaque. Libero quo quasi sed est a.', 5, '2019-10-17 00:56:40', '2019-10-17 00:56:40'),
(201, 23, 'Romaine Parker', 'Quia et et blanditiis neque esse qui tempore. Beatae est sint est dolorem error et.', 0, '2019-10-17 00:56:40', '2019-10-17 00:56:40'),
(202, 31, 'Prof. Devonte Schaden', 'Perferendis harum error aut deserunt ut est ut. Nobis nam quo vitae magnam doloribus molestias et veritatis. Totam ullam qui dolore voluptate. Qui ut inventore omnis facilis sequi cum eveniet esse.', 4, '2019-10-17 00:56:40', '2019-10-17 00:56:40'),
(203, 30, 'Neoma Kerluke', 'Voluptas sed ut dignissimos et pariatur voluptatibus autem. Aut natus commodi soluta in molestiae. Eaque aut omnis tenetur et quia molestias.', 0, '2019-10-17 00:56:40', '2019-10-17 00:56:40'),
(204, 39, 'Chasity Kulas', 'Architecto facere ut minus aut. Est et eum est. Velit et ipsa et facere. Sunt sunt voluptas qui maiores eius eum.', 0, '2019-10-17 00:56:40', '2019-10-17 00:56:40'),
(205, 23, 'Beverly Parisian', 'Ut ducimus quos qui ratione quis. Voluptate quia itaque et aliquid. Enim modi voluptatem qui sed quo esse qui. Ut ut sed a error necessitatibus ipsum. Velit occaecati eos et quia quod asperiores.', 0, '2019-10-17 00:56:40', '2019-10-17 00:56:40'),
(206, 27, 'Janie Ward', 'Eos a reprehenderit recusandae at assumenda omnis. Accusamus omnis expedita similique quam placeat est. Praesentium dolore et vitae est velit ut ut.', 4, '2019-10-17 00:56:40', '2019-10-17 00:56:40'),
(207, 4, 'Trace Eichmann', 'Quis temporibus quae qui et aut consequatur quo est. Temporibus quis saepe alias quia est quia quisquam. Molestiae optio officia quod harum non voluptates voluptas. Quaerat at fuga quis veritatis consectetur voluptatem magnam voluptatem.', 3, '2019-10-17 00:56:40', '2019-10-17 00:56:40'),
(208, 10, 'Miss Madeline West', 'Voluptatem quia blanditiis consequatur neque ut molestiae quasi. Sequi ex hic nihil. Quas dolorum velit repellendus. Necessitatibus dolore consequatur voluptate nihil.', 0, '2019-10-17 00:56:40', '2019-10-17 00:56:40'),
(209, 19, 'Mr. Elwyn Heaney II', 'Quam libero non sint aliquam. Minima ad sunt in.', 1, '2019-10-17 00:56:40', '2019-10-17 00:56:40');
INSERT INTO `reviews` (`id`, `product_id`, `customer`, `review`, `star`, `created_at`, `updated_at`) VALUES
(210, 16, 'Prof. Tyrique Rolfson', 'Animi et minima consequatur accusantium enim et. Et aut et eveniet non neque aliquid repudiandae. Fugiat deleniti minus similique praesentium nihil. Aperiam sed possimus asperiores eaque dolore.', 4, '2019-10-17 00:56:40', '2019-10-17 00:56:40'),
(211, 16, 'Pascale Hansen', 'Error eligendi qui aliquid molestiae voluptatibus cupiditate laudantium. Reprehenderit et possimus expedita molestiae et eaque. Dolores ab explicabo voluptates.', 2, '2019-10-17 00:56:40', '2019-10-17 00:56:40'),
(212, 46, 'Mr. Watson Buckridge', 'Ratione ratione quis quis tempora. Tempora provident tenetur soluta eum sed odit. Fugit enim praesentium culpa id mollitia consectetur harum.', 3, '2019-10-17 00:56:40', '2019-10-17 00:56:40'),
(213, 37, 'Andres Bins', 'Debitis ad inventore aut rem in beatae voluptate. Repellendus blanditiis iure in delectus quia nihil. Quae soluta libero non non quia error ab. In autem error consequatur totam.', 5, '2019-10-17 00:56:40', '2019-10-17 00:56:40'),
(214, 24, 'Dr. Mina Stamm', 'Maxime quia rerum aut recusandae ex natus illo. Est veritatis quasi consequuntur magnam voluptate ea temporibus. Rerum et hic nihil.', 0, '2019-10-17 00:56:40', '2019-10-17 00:56:40'),
(215, 20, 'Trent Kshlerin', 'Aut ducimus id quo voluptatem modi. Perferendis aut culpa maiores est. Qui rem et voluptatibus ut velit aut eum.', 3, '2019-10-17 00:56:40', '2019-10-17 00:56:40'),
(216, 12, 'London Leuschke', 'Et voluptates aut tenetur quo. Omnis tenetur tenetur alias qui consectetur explicabo autem reprehenderit. Voluptatibus ea magnam quidem a modi. Dignissimos et praesentium sequi ut sed. Eius necessitatibus voluptatum aliquid.', 1, '2019-10-17 00:56:40', '2019-10-17 00:56:40'),
(217, 48, 'Hailie Schultz', 'Ea consequatur ipsam sunt vel voluptatem. Et et voluptatem error nemo porro eum.', 0, '2019-10-17 00:56:40', '2019-10-17 00:56:40'),
(218, 11, 'Ms. Rachelle Herzog Sr.', 'Impedit qui magni officia voluptatem omnis dicta. Ea est est est ut cum. Est dolorum nulla quibusdam ipsam ad. Doloremque et eum officia vel.', 5, '2019-10-17 00:56:40', '2019-10-17 00:56:40'),
(219, 17, 'Orlo Baumbach Sr.', 'Quos numquam perferendis voluptatem minus molestias qui. Eum quia et quas asperiores reiciendis laudantium. Iusto in et voluptates et totam et dicta. Reprehenderit veritatis dolorem debitis vitae veritatis.', 0, '2019-10-17 00:56:40', '2019-10-17 00:56:40'),
(220, 17, 'Geoffrey Treutel V', 'Quis hic fugiat sit error. Et dignissimos minus nesciunt ut debitis cupiditate eligendi ad. Dignissimos consequatur nesciunt molestiae nihil.', 1, '2019-10-17 00:56:40', '2019-10-17 00:56:40'),
(221, 44, 'Ardella White', 'Mollitia placeat natus quam molestiae. Ab nemo hic alias cupiditate est. Explicabo nihil sed vel voluptate voluptatem unde laboriosam.', 3, '2019-10-17 00:56:40', '2019-10-17 00:56:40'),
(222, 48, 'Burley Weissnat', 'Quis harum at sit quia et veniam delectus. Et incidunt qui qui laboriosam vel.', 4, '2019-10-17 00:56:40', '2019-10-17 00:56:40'),
(223, 27, 'Elsa Cormier', 'Dolores repudiandae est architecto aut. Cupiditate voluptates maxime qui quia temporibus. Eius et enim odit error.', 1, '2019-10-17 00:56:40', '2019-10-17 00:56:40'),
(224, 33, 'Jordan McGlynn', 'Adipisci ut modi sit qui ipsum dolor. Recusandae iure est quia nobis laudantium. Cum dignissimos quaerat libero laboriosam at occaecati. Ullam et consectetur aut.', 2, '2019-10-17 00:56:40', '2019-10-17 00:56:40'),
(225, 45, 'Emmanuelle Braun', 'In libero hic cupiditate. Eius rerum quasi et. Modi velit nam iste dolore architecto. Voluptatem necessitatibus nobis tempora consequatur fuga sit error. Aut et officiis a numquam occaecati numquam.', 4, '2019-10-17 00:56:40', '2019-10-17 00:56:40'),
(226, 24, 'Itzel Dach', 'Accusamus quibusdam ut aut sit. Aut sed quo ipsum unde blanditiis. Et eligendi facere non sit est. Eos molestias consequatur porro alias atque officiis ipsum optio.', 0, '2019-10-17 00:56:40', '2019-10-17 00:56:40'),
(227, 7, 'Johnnie Gerlach', 'Quis adipisci nostrum sed distinctio temporibus et. Consequatur quo eveniet alias et. Velit repudiandae delectus sapiente veritatis. Fugit culpa necessitatibus necessitatibus dolores.', 3, '2019-10-17 00:56:40', '2019-10-17 00:56:40'),
(228, 6, 'Millie Anderson', 'Et impedit eos repellendus debitis ea excepturi. Ad est sit mollitia consequuntur molestiae eos nisi. Maiores non aliquam quidem in. Saepe eos praesentium ad quia.', 1, '2019-10-17 00:56:40', '2019-10-17 00:56:40'),
(229, 18, 'Ms. Aglae Steuber II', 'Iste quis eius natus illum ad. Iste harum non est eum ullam occaecati. Adipisci similique voluptatem veniam et dolores veritatis. Voluptas voluptas accusantium dolorem est dolor quae tenetur.', 5, '2019-10-17 00:56:40', '2019-10-17 00:56:40'),
(230, 16, 'Adan Pfeffer', 'Ut ut sit dolorum nesciunt aut pariatur beatae nostrum. Veniam repellat velit id et quia qui rerum. Quasi quia sapiente cupiditate perferendis.', 1, '2019-10-17 00:56:40', '2019-10-17 00:56:40'),
(231, 6, 'Jaqueline Weimann', 'Facere excepturi consequuntur magnam ut. Tenetur voluptate et incidunt amet consequatur. Rerum magnam minima blanditiis architecto.', 4, '2019-10-17 00:56:40', '2019-10-17 00:56:40'),
(232, 2, 'Brigitte Schmidt V', 'Harum similique blanditiis accusantium. Accusamus reiciendis rem possimus iste. Est veniam et et minus. Rerum minima nulla pariatur qui.', 3, '2019-10-17 00:56:40', '2019-10-17 00:56:40'),
(233, 36, 'Brandon Wilderman', 'Ut amet et quasi quibusdam aut. Maiores quae velit molestiae laboriosam. Soluta non perferendis qui corrupti. Voluptatem provident dolorem sit perspiciatis et nobis.', 3, '2019-10-17 00:56:40', '2019-10-17 00:56:40'),
(234, 50, 'Peyton Schaden IV', 'Voluptatem aut quis culpa dolores tenetur pariatur aut. At et mollitia nisi nihil reprehenderit dolore. Recusandae omnis sit voluptas.', 4, '2019-10-17 00:56:40', '2019-10-17 00:56:40'),
(235, 9, 'Emie Heidenreich', 'Quia aspernatur dolorum magnam tempora odit optio enim. Repellat velit ducimus nostrum consequatur eveniet ut. Voluptas exercitationem praesentium fugiat et asperiores exercitationem.', 5, '2019-10-17 00:56:40', '2019-10-17 00:56:40'),
(236, 39, 'Mr. Enoch O\'Connell', 'Explicabo tempora culpa numquam minus beatae. Molestias dolorum molestiae architecto doloremque occaecati eligendi vitae maiores. Quia maiores dolorem dolorem veritatis molestiae aliquam nihil.', 1, '2019-10-17 00:56:40', '2019-10-17 00:56:40'),
(237, 44, 'Crystal Batz', 'Quibusdam provident minus quo beatae a. Deserunt repellat a aut aperiam est debitis. Enim exercitationem qui porro et ut amet itaque.', 2, '2019-10-17 00:56:40', '2019-10-17 00:56:40'),
(238, 12, 'Ms. Gertrude Kunze', 'Reiciendis corrupti deserunt sint optio consectetur dolorem. Vel ab praesentium distinctio qui optio.', 0, '2019-10-17 00:56:40', '2019-10-17 00:56:40'),
(239, 6, 'Isaias Kassulke', 'Provident ipsa cupiditate illo ut sint explicabo fugit. Nobis pariatur ipsum sit. Quae ad quia deserunt delectus. Accusantium amet sed officiis itaque deleniti. Hic commodi mollitia perspiciatis aspernatur harum accusamus officiis.', 5, '2019-10-17 00:56:40', '2019-10-17 00:56:40'),
(240, 5, 'Minnie Bode', 'Ullam autem quas eum autem id. Magni magni autem aliquam vitae. Expedita dolore nam eveniet sint ut dolorum itaque in. Natus et voluptas minus ut voluptas.', 2, '2019-10-17 00:56:40', '2019-10-17 00:56:40'),
(241, 46, 'Miss Serenity Marvin', 'Maxime architecto quia quia laudantium. Et beatae totam ut perferendis fuga sed. Voluptates deserunt vitae veniam velit qui consectetur. Dolorem molestiae quis et.', 0, '2019-10-17 00:56:40', '2019-10-17 00:56:40'),
(242, 27, 'Mrs. Shana Schimmel', 'Et et dolorem iste fugiat iste. Eius ea modi rem eum accusamus tempora ut. Nobis expedita architecto quas occaecati beatae sint omnis vel. In sunt iusto voluptatem dicta provident quaerat veniam dolorem.', 2, '2019-10-17 00:56:40', '2019-10-17 00:56:40'),
(243, 13, 'Evie Barrows', 'Voluptate temporibus porro sapiente ipsam perferendis est. Unde rerum cupiditate omnis praesentium in. Voluptas eius neque officia temporibus aliquam ut ex.', 1, '2019-10-17 00:56:40', '2019-10-17 00:56:40'),
(244, 18, 'Jordyn Bednar DVM', 'Ut eos quo maxime est. Voluptas aut doloremque sit rem ad est.', 3, '2019-10-17 00:56:40', '2019-10-17 00:56:40'),
(245, 35, 'Edwardo Yundt', 'Ut fugit hic eaque iusto aut aut voluptatem. Reprehenderit quia cumque beatae dolor voluptas quam. Quis et harum quod sed.', 5, '2019-10-17 00:56:40', '2019-10-17 00:56:40'),
(246, 37, 'Dr. Jeanne Johns DVM', 'Saepe dicta ea minus vero. Consequuntur corporis quia dolorem voluptas aliquam sed.', 2, '2019-10-17 00:56:40', '2019-10-17 00:56:40'),
(247, 7, 'Evans Wiegand I', 'Sapiente culpa deleniti fugit libero et adipisci. Incidunt magni enim cupiditate aut non itaque quo. Aut vitae molestiae eos est quam. Sapiente velit fuga autem quis enim reiciendis.', 5, '2019-10-17 00:56:40', '2019-10-17 00:56:40'),
(248, 38, 'Abby Haag', 'Ullam id dolorem libero magni et iure facere. Repudiandae vel id est vitae.', 5, '2019-10-17 00:56:40', '2019-10-17 00:56:40'),
(249, 23, 'Earlene Bins', 'Libero ex soluta sint a. Est error officia culpa minima. Eaque qui debitis velit aut necessitatibus.', 2, '2019-10-17 00:56:40', '2019-10-17 00:56:40'),
(250, 49, 'Vickie Grady', 'Non magni quia ullam asperiores ut. Consequuntur qui necessitatibus adipisci voluptatem recusandae dolorem. Voluptatem eos laborum corporis voluptas.', 2, '2019-10-17 00:56:40', '2019-10-17 00:56:40'),
(251, 3, 'Mr. Gregg Price DVM', 'Tempora libero voluptatem occaecati non ratione deserunt. Provident ipsam et et sint quis. Vero nulla qui aut at quod autem culpa. Reiciendis error eveniet quia voluptate aut ut recusandae ipsam.', 5, '2019-10-17 00:56:40', '2019-10-17 00:56:40'),
(252, 50, 'Mrs. Juana Parker Jr.', 'Consequuntur sint in facere enim placeat magni. Nostrum sint aut enim. Delectus mollitia ipsam itaque possimus quo dolore.', 4, '2019-10-17 00:56:40', '2019-10-17 00:56:40'),
(253, 9, 'Obie Witting', 'Est qui ut aperiam dolore. Aut nesciunt ut consequuntur tempore. Dicta laudantium dolores dolor atque occaecati qui. Sunt odit commodi autem ut nisi in.', 2, '2019-10-17 00:56:40', '2019-10-17 00:56:40'),
(254, 43, 'Caterina Moore', 'Rerum ipsa itaque ut voluptas. Deleniti unde sequi adipisci iste iste neque. Voluptatem ratione maiores ut molestiae doloremque provident. Quod est ut nihil odit impedit voluptatem reiciendis.', 4, '2019-10-17 00:56:40', '2019-10-17 00:56:40'),
(255, 32, 'Isabell Abbott', 'Omnis quasi veniam voluptas id autem dicta. Ea sunt rerum qui. Aut rerum qui aspernatur et tempore. Laboriosam enim aut eius omnis ducimus qui velit molestiae.', 4, '2019-10-17 00:56:40', '2019-10-17 00:56:40'),
(256, 5, 'Bruce Ortiz', 'Est sit et illum sed. Rerum voluptatem fugit et. Tempora unde laboriosam ipsum harum perferendis hic ratione omnis.', 0, '2019-10-17 00:56:40', '2019-10-17 00:56:40'),
(257, 44, 'Dr. Cloyd Keeling II', 'Veritatis asperiores reiciendis sunt rerum. Quia dolor sunt et magni in accusantium. Aut quia corporis numquam quos blanditiis.', 5, '2019-10-17 00:56:40', '2019-10-17 00:56:40'),
(258, 50, 'Mrs. Lelia Monahan III', 'Facere et odit dicta voluptate sunt. Delectus est possimus omnis sit facere molestiae molestiae. Et hic deserunt dignissimos quidem numquam tenetur pariatur. Qui maiores possimus provident deserunt eos officia.', 1, '2019-10-17 00:56:40', '2019-10-17 00:56:40'),
(259, 47, 'Mr. Domenic D\'Amore Sr.', 'Est repudiandae temporibus est vitae dolorem nisi. Eos quo ut laudantium corporis aliquam. Dolorem perspiciatis at dolore qui quibusdam autem.', 3, '2019-10-17 00:56:40', '2019-10-17 00:56:40'),
(260, 29, 'Michele Doyle', 'Provident qui totam quam. Eos modi et voluptas dolores. Numquam dignissimos pariatur impedit labore voluptas soluta. Rem sit repellat excepturi.', 1, '2019-10-17 00:56:40', '2019-10-17 00:56:40'),
(261, 24, 'Alexane Maggio', 'Quia quae eos iste. Quam est velit et eius rerum itaque cum. Doloribus earum ipsa quam eos est. Eos qui incidunt aut doloribus amet.', 0, '2019-10-17 00:56:40', '2019-10-17 00:56:40'),
(262, 16, 'Rosie Hodkiewicz', 'Tempora enim voluptatem est perspiciatis qui dolores voluptas. Dolor et maxime corrupti necessitatibus nemo. Molestiae velit est eligendi illo iste rerum voluptas at.', 3, '2019-10-17 00:56:40', '2019-10-17 00:56:40'),
(263, 38, 'Ms. Camylle Abbott III', 'Laudantium quo error nulla nisi quasi officiis. Molestiae molestiae est laborum qui culpa nulla enim. Omnis non vel labore ipsum molestiae.', 5, '2019-10-17 00:56:40', '2019-10-17 00:56:40'),
(264, 15, 'Garett Murazik', 'Iste quos consectetur aut fugiat. Quaerat nisi eveniet sint voluptas. Aspernatur reiciendis voluptatibus perspiciatis reiciendis dolorem voluptates aperiam blanditiis.', 2, '2019-10-17 00:56:40', '2019-10-17 00:56:40'),
(265, 24, 'Aliya Towne III', 'Molestias sed velit et rerum. Suscipit beatae est nemo. In adipisci esse minima sed quia iusto.', 0, '2019-10-17 00:56:40', '2019-10-17 00:56:40'),
(266, 45, 'Mrs. Jane Koch DVM', 'Optio ut commodi hic fugiat doloremque eligendi laudantium magni. Blanditiis voluptatem saepe repellendus ipsum suscipit a. Ipsam voluptatum eum occaecati corporis est quia. Nihil nulla ullam adipisci natus accusantium quo.', 4, '2019-10-17 00:56:40', '2019-10-17 00:56:40'),
(267, 21, 'Selina Prosacco V', 'Reiciendis atque excepturi sunt quo quae iure odit. Aut ipsam nam voluptatem explicabo. Doloremque quisquam cum qui.', 1, '2019-10-17 00:56:40', '2019-10-17 00:56:40'),
(268, 30, 'Luisa McClure', 'Et eum molestias distinctio corporis aut unde autem possimus. Vel qui excepturi dolorem a voluptatem. Assumenda voluptas tempora odit vero.', 5, '2019-10-17 00:56:40', '2019-10-17 00:56:40'),
(269, 38, 'Stevie Becker', 'Ipsa excepturi labore et magni. Numquam aut aliquid iste repudiandae veritatis fuga. Et quaerat corrupti aut ut.', 3, '2019-10-17 00:56:40', '2019-10-17 00:56:40'),
(270, 25, 'Imani Farrell Sr.', 'Voluptates et facere aut error eius. Ea nemo ad deleniti aut autem ut. Est alias voluptatibus eos aut unde rerum natus. Eum repellat quos laborum.', 4, '2019-10-17 00:56:40', '2019-10-17 00:56:40'),
(271, 7, 'Rosetta Halvorson', 'Neque qui possimus totam magnam qui consectetur. Provident voluptate qui aut eum veniam. Voluptatem in qui voluptatem nisi aliquid ut. Non in hic vel ex.', 2, '2019-10-17 00:56:40', '2019-10-17 00:56:40'),
(272, 42, 'Rasheed Mayer', 'Et placeat nihil atque ex voluptatum qui libero. Voluptatum assumenda ut eum labore maxime. Est velit soluta quia quaerat vero. Rerum libero eum tempora.', 1, '2019-10-17 00:56:40', '2019-10-17 00:56:40'),
(273, 33, 'Ladarius Waelchi', 'Et possimus qui quidem ratione rerum. Adipisci doloribus voluptatem hic velit et aut. Quam quis nemo nam similique provident corrupti quis ipsam. Sunt inventore et qui odit eveniet omnis.', 1, '2019-10-17 00:56:40', '2019-10-17 00:56:40'),
(274, 11, 'Layne Bartoletti', 'In nesciunt in quaerat minus qui. Dolorum dolore libero eius explicabo eveniet. Voluptas error molestiae architecto autem ut ut sit.', 0, '2019-10-17 00:56:40', '2019-10-17 00:56:40'),
(275, 47, 'Hayley Ryan', 'Magni itaque quisquam eligendi. Doloribus facere dolore voluptatum. Nemo architecto velit consequatur aut rerum quia. Sit tenetur nulla provident quia praesentium perferendis doloribus. Quos nesciunt explicabo est perferendis.', 3, '2019-10-17 00:56:40', '2019-10-17 00:56:40'),
(276, 6, 'Avis Spinka', 'Perspiciatis earum iste dolores neque numquam doloremque. Ea quo nemo molestiae quaerat itaque. Et culpa nesciunt dicta eligendi reiciendis molestias error. Veritatis consequatur nihil quia praesentium molestias et aliquam.', 0, '2019-10-17 00:56:40', '2019-10-17 00:56:40'),
(277, 47, 'Dr. Garry Christiansen', 'Odio nostrum earum omnis minus soluta porro. Dolorem et earum voluptas ut. Aut quia cumque vel.', 3, '2019-10-17 00:56:40', '2019-10-17 00:56:40'),
(278, 3, 'Casimir Weimann', 'Harum velit dolorem quia ab animi consequatur. Asperiores eaque sit iure. Et nam quaerat minima dolores quisquam odio.', 5, '2019-10-17 00:56:40', '2019-10-17 00:56:40'),
(279, 19, 'Austin Weissnat', 'Animi sit fugit iusto minima molestiae. Voluptatem voluptatem amet quia. Ipsum nostrum non in aut nobis.', 1, '2019-10-17 00:56:40', '2019-10-17 00:56:40'),
(280, 1, 'Prof. Clint Wintheiser DVM', 'Aliquid et deserunt atque eos nam voluptas enim. Exercitationem dolorum dolor beatae voluptates consequatur quia recusandae sed. Consequuntur tempora ducimus dicta dolores ut molestiae qui. Et odio quae sunt itaque.', 0, '2019-10-17 00:56:40', '2019-10-17 00:56:40'),
(281, 48, 'Monique Heathcote', 'Distinctio optio ea itaque dolorum illum voluptas et expedita. Totam molestias amet nobis. Facilis sed facere quia voluptas consequuntur. Adipisci enim quis quis quia autem aut. Sit tenetur ut voluptatem quibusdam dolorem omnis exercitationem.', 0, '2019-10-17 00:56:40', '2019-10-17 00:56:40'),
(282, 35, 'Mr. Abner Schneider', 'Optio et maxime eos. Sed debitis quibusdam voluptate. Magni mollitia non qui neque ipsam fuga.', 1, '2019-10-17 00:56:40', '2019-10-17 00:56:40'),
(283, 15, 'Madisyn Jacobs', 'Sit commodi enim suscipit quam sint. Porro et ut voluptas sint nesciunt. Saepe velit necessitatibus et accusamus occaecati vero itaque. Saepe et nemo voluptatem.', 5, '2019-10-17 00:56:40', '2019-10-17 00:56:40'),
(284, 4, 'Alicia Kunde', 'Asperiores rerum quis reiciendis alias porro facilis dolores facilis. Neque et distinctio facere culpa totam. Et ducimus neque alias sit voluptas vitae facilis. Laudantium doloribus aut quam et et.', 0, '2019-10-17 00:56:40', '2019-10-17 00:56:40'),
(285, 37, 'Gunner O\'Hara MD', 'Dignissimos voluptates repellendus sint ullam qui quo ipsam earum. Nulla inventore voluptas magni libero. Veritatis libero inventore voluptates quasi aliquid.', 4, '2019-10-17 00:56:40', '2019-10-17 00:56:40'),
(286, 40, 'Kenya Crist', 'Quisquam dignissimos quaerat consequatur. Quibusdam ut autem eligendi repudiandae. Eum qui ipsum sint dolorem a ut iste.', 2, '2019-10-17 00:56:40', '2019-10-17 00:56:40'),
(287, 31, 'Mr. Scottie Kertzmann', 'Quod sunt ratione autem dolor sint quia. Totam qui dolores quis voluptas modi enim et. Molestiae et veritatis corporis soluta commodi ab iusto architecto. Sint repellendus hic deserunt sint qui magnam.', 5, '2019-10-17 00:56:40', '2019-10-17 00:56:40'),
(288, 25, 'Mr. Amari Wuckert DDS', 'Facere aut non nihil voluptatum. Quam praesentium quae ipsa cupiditate quo. Reiciendis magnam velit velit quia autem iusto soluta.', 3, '2019-10-17 00:56:40', '2019-10-17 00:56:40'),
(289, 27, 'Alycia Kuphal', 'Ratione dolorum eos dolorem dolorum. Qui et fugit autem facilis sunt deleniti voluptatem qui. Tempore eveniet asperiores dicta.', 2, '2019-10-17 00:56:40', '2019-10-17 00:56:40'),
(290, 33, 'Jaqueline Shanahan DVM', 'Laborum libero id ratione tempora sunt. Recusandae consequuntur animi in numquam mollitia assumenda quasi. Doloribus ut natus laborum itaque. Natus culpa possimus ipsa.', 2, '2019-10-17 00:56:40', '2019-10-17 00:56:40'),
(291, 2, 'Stewart Shields', 'Aspernatur unde ut totam. Asperiores commodi perspiciatis enim hic commodi iusto. Quibusdam quas tempora incidunt id aut odio. Sed numquam aut eaque earum vitae.', 3, '2019-10-17 00:56:40', '2019-10-17 00:56:40'),
(292, 34, 'Elliott Jones', 'Quibusdam enim deserunt voluptatem dignissimos. Deleniti sed quia soluta corrupti amet corporis. Sit et aut voluptatem molestiae. Maiores placeat ad doloremque quia dolores aut expedita est.', 2, '2019-10-17 00:56:40', '2019-10-17 00:56:40'),
(293, 22, 'Henderson Cremin', 'Consequatur quisquam id adipisci vitae beatae nulla hic. Qui soluta illo reiciendis saepe similique minus quasi. Mollitia recusandae quia nostrum et harum totam eos. Dolores ex modi asperiores animi quia itaque commodi molestiae. Velit cupiditate quia cumque facere quos repudiandae.', 3, '2019-10-17 00:56:40', '2019-10-17 00:56:40'),
(294, 21, 'Earline Zemlak', 'Voluptas sint eius nihil non aut. Eos culpa deleniti maiores recusandae.', 0, '2019-10-17 00:56:40', '2019-10-17 00:56:40'),
(295, 34, 'Prof. Dereck Homenick II', 'Rem excepturi corrupti dolor cupiditate et. Voluptas aut ex at laborum molestias quia inventore. Pariatur et qui aliquam voluptatem vero sapiente illum.', 0, '2019-10-17 00:56:40', '2019-10-17 00:56:40'),
(296, 16, 'Miss Rosina Gerhold', 'Voluptatem impedit ab maiores consequatur ut iste. Aut facere ut autem autem. Aut a eligendi vitae libero repellat temporibus. Aperiam eius modi incidunt sed distinctio totam.', 0, '2019-10-17 00:56:40', '2019-10-17 00:56:40'),
(297, 15, 'Jaren Frami', 'Ullam fugiat alias id deserunt. Et quae nam necessitatibus quis eos et. Doloribus est minus voluptates. Voluptatibus quos labore non adipisci aspernatur eos aperiam.', 0, '2019-10-17 00:56:40', '2019-10-17 00:56:40'),
(298, 22, 'Mr. Jermain Lowe III', 'Eos ipsa unde quo veritatis. Modi optio velit veritatis voluptates nulla nam libero. Et cum eos commodi consequatur. Culpa maiores et temporibus aut laboriosam fuga harum inventore.', 5, '2019-10-17 00:56:40', '2019-10-17 00:56:40'),
(299, 7, 'Laurine Dietrich', 'Vel suscipit est consectetur maxime. Quod sunt est et accusantium veniam officia et. Quo est nemo voluptas quidem rerum. Officiis doloremque dignissimos dolores ut illo et velit.', 4, '2019-10-17 00:56:40', '2019-10-17 00:56:40'),
(300, 24, 'Juanita Beahan', 'Aut atque voluptates excepturi esse. Numquam sapiente vel iste. Corrupti repudiandae ut quos esse error occaecati. Et in provident unde dolorum quia molestiae quo.', 3, '2019-10-17 00:56:40', '2019-10-17 00:56:40');

-- --------------------------------------------------------

--
-- Table structure for table `users`
--

CREATE TABLE `users` (
  `id` bigint(20) UNSIGNED NOT NULL,
  `name` varchar(255) COLLATE utf8mb4_unicode_ci NOT NULL,
  `email` varchar(191) COLLATE utf8mb4_unicode_ci NOT NULL,
  `email_verified_at` timestamp NULL DEFAULT NULL,
  `password` varchar(255) COLLATE utf8mb4_unicode_ci NOT NULL,
  `remember_token` varchar(100) COLLATE utf8mb4_unicode_ci DEFAULT NULL,
  `created_at` timestamp NULL DEFAULT NULL,
  `updated_at` timestamp NULL DEFAULT NULL
) ENGINE=InnoDB DEFAULT CHARSET=utf8mb4 COLLATE=utf8mb4_unicode_ci;

--
-- Dumping data for table `users`
--

INSERT INTO `users` (`id`, `name`, `email`, `email_verified_at`, `password`, `remember_token`, `created_at`, `updated_at`) VALUES
(1, 'Bella Buckridge', 'ortiz.aaliyah@example.com', '2019-10-17 00:56:37', '$2y$10$92IXUNpkjO0rOQ5byMi.Ye4oKoEa3Ro9llC/.og/at2.uheWG/igi', 'v2kKNk47qH', '2019-10-17 00:56:37', '2019-10-17 00:56:37'),
(2, 'Hayley Stanton', 'weimann.tod@example.org', '2019-10-17 00:56:37', '$2y$10$92IXUNpkjO0rOQ5byMi.Ye4oKoEa3Ro9llC/.og/at2.uheWG/igi', 'ewe7JMh6Fo', '2019-10-17 00:56:37', '2019-10-17 00:56:37'),
(3, 'Arturo Trantow', 'ed54@example.org', '2019-10-17 00:56:37', '$2y$10$92IXUNpkjO0rOQ5byMi.Ye4oKoEa3Ro9llC/.og/at2.uheWG/igi', 'uUO6xi5xh6', '2019-10-17 00:56:37', '2019-10-17 00:56:37'),
(4, 'Lois Murray', 'frami.ariane@example.org', '2019-10-17 00:56:37', '$2y$10$92IXUNpkjO0rOQ5byMi.Ye4oKoEa3Ro9llC/.og/at2.uheWG/igi', '0PZjpPoxRS', '2019-10-17 00:56:37', '2019-10-17 00:56:37'),
(5, 'Dr. Phyllis Shields', 'nia64@example.org', '2019-10-17 00:56:37', '$2y$10$92IXUNpkjO0rOQ5byMi.Ye4oKoEa3Ro9llC/.og/at2.uheWG/igi', 'Gc4uH455nJ', '2019-10-17 00:56:37', '2019-10-17 00:56:37'),
(6, 'Admin', 'admin@gmail.com', NULL, '$2y$10$M8CDRMCo4DXNLkD8Q0fJs.FH3McYxGphtwjXVwNaai6CrTQWc1zDO', NULL, '2019-10-17 03:08:39', '2019-10-17 03:08:39');

--
-- Indexes for dumped tables
--

--
-- Indexes for table `failed_jobs`
--
ALTER TABLE `failed_jobs`
  ADD PRIMARY KEY (`id`);

--
-- Indexes for table `migrations`
--
ALTER TABLE `migrations`
  ADD PRIMARY KEY (`id`);

--
-- Indexes for table `oauth_access_tokens`
--
ALTER TABLE `oauth_access_tokens`
  ADD PRIMARY KEY (`id`),
  ADD KEY `oauth_access_tokens_user_id_index` (`user_id`);

--
-- Indexes for table `oauth_auth_codes`
--
ALTER TABLE `oauth_auth_codes`
  ADD PRIMARY KEY (`id`);

--
-- Indexes for table `oauth_clients`
--
ALTER TABLE `oauth_clients`
  ADD PRIMARY KEY (`id`),
  ADD KEY `oauth_clients_user_id_index` (`user_id`);

--
-- Indexes for table `oauth_personal_access_clients`
--
ALTER TABLE `oauth_personal_access_clients`
  ADD PRIMARY KEY (`id`),
  ADD KEY `oauth_personal_access_clients_client_id_index` (`client_id`);

--
-- Indexes for table `oauth_refresh_tokens`
--
ALTER TABLE `oauth_refresh_tokens`
  ADD PRIMARY KEY (`id`),
  ADD KEY `oauth_refresh_tokens_access_token_id_index` (`access_token_id`);

--
-- Indexes for table `password_resets`
--
ALTER TABLE `password_resets`
  ADD KEY `password_resets_email_index` (`email`);

--
-- Indexes for table `products`
--
ALTER TABLE `products`
  ADD PRIMARY KEY (`id`),
  ADD KEY `products_user_id_index` (`user_id`);

--
-- Indexes for table `reviews`
--
ALTER TABLE `reviews`
  ADD PRIMARY KEY (`id`),
  ADD KEY `reviews_product_id_foreign` (`product_id`);

--
-- Indexes for table `users`
--
ALTER TABLE `users`
  ADD PRIMARY KEY (`id`),
  ADD UNIQUE KEY `users_email_unique` (`email`);

--
-- AUTO_INCREMENT for dumped tables
--

--
-- AUTO_INCREMENT for table `failed_jobs`
--
ALTER TABLE `failed_jobs`
  MODIFY `id` bigint(20) UNSIGNED NOT NULL AUTO_INCREMENT;

--
-- AUTO_INCREMENT for table `migrations`
--
ALTER TABLE `migrations`
  MODIFY `id` int(10) UNSIGNED NOT NULL AUTO_INCREMENT, AUTO_INCREMENT=11;

--
-- AUTO_INCREMENT for table `oauth_clients`
--
ALTER TABLE `oauth_clients`
  MODIFY `id` int(10) UNSIGNED NOT NULL AUTO_INCREMENT;

--
-- AUTO_INCREMENT for table `oauth_personal_access_clients`
--
ALTER TABLE `oauth_personal_access_clients`
  MODIFY `id` int(10) UNSIGNED NOT NULL AUTO_INCREMENT;

--
-- AUTO_INCREMENT for table `products`
--
ALTER TABLE `products`
  MODIFY `id` bigint(20) UNSIGNED NOT NULL AUTO_INCREMENT, AUTO_INCREMENT=51;

--
-- AUTO_INCREMENT for table `reviews`
--
ALTER TABLE `reviews`
  MODIFY `id` bigint(20) UNSIGNED NOT NULL AUTO_INCREMENT, AUTO_INCREMENT=301;

--
-- AUTO_INCREMENT for table `users`
--
ALTER TABLE `users`
  MODIFY `id` bigint(20) UNSIGNED NOT NULL AUTO_INCREMENT, AUTO_INCREMENT=7;

--
-- Constraints for dumped tables
--

--
-- Constraints for table `reviews`
--
ALTER TABLE `reviews`
  ADD CONSTRAINT `reviews_product_id_foreign` FOREIGN KEY (`product_id`) REFERENCES `products` (`id`) ON DELETE CASCADE;
COMMIT;

/*!40101 SET CHARACTER_SET_CLIENT=@OLD_CHARACTER_SET_CLIENT */;
/*!40101 SET CHARACTER_SET_RESULTS=@OLD_CHARACTER_SET_RESULTS */;
/*!40101 SET COLLATION_CONNECTION=@OLD_COLLATION_CONNECTION */;
